english,swedish,source,notes
abnormal curve,abnorm kurva,ISI,
abrupt change,plötslig förändring,ISI,
absolute deviation ; average deviation,absolutavvikelse,ISI,
absolute difference,absolut skillnad,ISI,
absolute error,absolutfel,ISI,
absolute frequency,absolut frekvens,ISI,
absolute measure,absolutmått,ISI,
absolute moments,absolutmoment,ISI,
absolute risk,absolut risk,ISI,
absolutely unbiased estimator,absolut väntevärdesriktig estimator,ISI,
absorbing barrier,absorberande barriär,ISI,
absorbing Markov chain,absorberande markovkedja,ISI,
absorbing region,absorberande regioner,ISI,
absorbing state,absorberande tillstånd,ISI,
absorption distributions,absorptionsfördelning,ISI,
accelerated life testing,accelererad livlängdsprovning,ISI,
accelerated test,accelererad provning,ISI,
acceptable quality level ; AQL ; acceptance quality level,acceptabel kvalitetsnivå,ISI,
acceptance control chart,acceptansstyrdiagram; acceptanskontrolldiagram,ISI,
acceptance error ; beta error ; β-error ; type II error ; error of second kind,typ II-fel; fel av andra slaget,ISI,
acceptance inspection,acceptanskontroll,ISI,
acceptance line ; acceptance boundary,acceptansgräns,ISI,
acceptance number,acceptanstal,ISI,
acceptance region,acceptansområde,ISI,
acceptance sampling,acceptansprovtagning,ISI,
accumulated deviation,kumulativ avvikelse,ISI,
accumulated process,kumulativ process,ISI,
accuracy,noggrannhet,ISI,
actuarial statistics,aktuariestatistik,ISI,
adaptive inference,adaptiv inferens,ISI,
adaptive kernel estimation,adaptiv kärnskattning,ISI,
adaptive methods,adaptiv metod,ISI,
adaptive optimisation ; adaptive optimization,adaptiv optimering,ISI,
adaptive regression,adaptiv regression,ISI,
additive hazard model,additiv hasardmodell,ISI,
additive model,additiv modell,ISI,
additive process ; random walk process,additiv process,ISI,
adequate subset,adekvat delmängd,ISI,
adjusted profile likelihood,justerad profil-likelihood,ISI,
admissible decision function,icke-dominerad beslutsfunktion,ISI,
admissible estimator,icke-dominerad estimator,ISI,
admissible hypothesis,tillåten hypotes,ISI,
admissible strategy,icke-dominerad strategi,ISI,
admissible test,icke-dominerat test,ISI,
affinity,affinitet,ISI,
age-adjusted rate,ålderskorrigerad intensitet,ISI,
age-dependent birth and death process,åldersberoende födelse-dödsprocess,ISI,
age-dependent branching process,åldersberoende förgreningsprocess,ISI,
age-sex-adjusted rate,intensitet justerad för ålder och kön,ISI,
age-specific death rate ; force of mortality ; instantaneous death rate ; hazard function,åldersspecifikt dödstal,ISI,
age-specific mortality rate,åldersspecifik dödsintensitet,ISI,
age-specific rate,åldersspecifik intensitet,ISI,
aggregation,aggregering,ISI,
algorithm,algoritm,ISI,
allele,allel,ISI,
allocation of a sample,stickprovsallokering,ISI,
allocation rule,allokeringsregel,ISI,
allokurtic,oliktoppig,ISI,
allowable defects,acceptanstal,ISI,
almost certain,nästan säker,ISI,
almost certainly,nästan säkert,ISI,
almost everywhere,nästan överallt,ISI,
almost stationary,nästan stationär,ISI,
almost surely,nästan säkert,ISI,
alpha error ; α-error ; type I error ; error of first kind ; rejection error,typ I-fel; fel av första slaget,ISI,
alternating process,alternerande process,ISI,
alternating renewal process,alternerande förnyelseprocess,ISI,
alternative hypothesis ; non-null hypothesis,mothypotes; alternativhypotes,ISI,
amount of information,informationsmängd,ISI,
amount of inspection,kontrollomfattning,ISI,
amplitude,amplitud,ISI,
amplitude ratio,amplitudkvot,ISI,
analysis of covariance ; ANCOVA ; covariance analysis,kovariansanalys; ANCOVA,ISI,
analysis of dispersion ; multivariate analysis of variance ; MANOVA,multivariat variansanalys; MANOVA,ISI,
analysis of variance ; ANOVA ; variance analysis,variansanalys; ANOVA,ISI,
ancillary information ; background information,ancillär information,ISI,
ancillary statistic,ancillär statistika,ISI,
angular transformation ; arc sine transformation,vinkeltransformation,ISI,
angular variables,vinkelvariabel,ISI,
anisotropic distribution,anisotropisk fördelning,ISI,
ANOVA table,variansanalystabell,ISI,
antithetic variables,antitetisk variabel,ISI,
aperiodic state,aperiodiskt tillstånd,ISI,
approximation error,approximationsfel,ISI,
arbitrary origin ; working mean ; working origin ; provisional mean ; assumed mean,provisoriskt medelvärde,ISI,
arc sine distribution,arcsinus-fördelning,ISI,
area sampling,yturval; areellt urval,ISI,
arithmetic mean ; arithmetic average ; mean ; average,aritmetiskt medelvärde,ISI,
array ; ordered series,uppställning,ISI,
arrival distribution,ankomstfördelning,ISI,
assay,assay,ISI,
assignable variation,hänförbar variation,ISI,
association,samband,ISI,
association analysis,sambandsanalys,ISI,
asymmetrical distribution,asymmetrisk fördelning,ISI,
asymmetrical factorial design,asymmetriskt faktorförsök,ISI,
asymmetrical test ; one-sided test ; one-tailed test ; single tail test,asymmetriskt test,ISI,
asymmetry ; skewness,asymmetri,ISI,
asymptotic distribution,asymptotisk fördelning,ISI,
asymptotic efficiency,asymptotisk effektivitet,ISI,
asymptotic normality,asymptotisk normalitet,ISI,
asymptotic relative efficiency ; ARE,asymptotisk relativ effektivitet,ISI,
asymptotic standard error,asymptotiskt medelfel,ISI,
asymptotic test,asymptotiskt test,ISI,
asymptotically efficient estimator,asymptotisk effektiv estimator,ISI,
asymptotically most powerful test,asymptotiskt starkaste test,ISI,
asymptotically stationary,asymptotiskt stationär,ISI,
asymptotically unbiased estimator,asymptotiskt väntevärdesriktig estimator,ISI,
attributable risk ; etiologic fraction,hänförbar risk,ISI,
attribute,attribut,ISI,
autocorrelation ; serial correlation,autokorrelation,ISI,
autocorrelation coefficient,autokorrelationskoefficient,ISI,
autocorrelation function ; ACF,autokorrelationsfunktion,ISI,
autocovariance,autokovarians,ISI,
autocovariance function ; covariance function,autokovariansfunktion,ISI,
autocovariance generating function,autokovariansgenererande funktion,ISI,
automatic model selection,automatiskt modellval,ISI,
autonomous equations,autonom ekvation,ISI,
autoregression,autoregression,ISI,
autoregressive conditional heteroscedasticity model ; ARCH model,ARCH-modell,ISI,
autoregressive integrated moving average process ; ARIMA process,ARIMA-process,ISI,
autoregressive model,autoregressiv modell,ISI,
autoregressive moving average process ; ARMA process ; Box-Jenkins model,ARMA-process,ISI,
autoregressive process,autoregressiv process,ISI,
autoregressive series,autoregressiv serie,ISI,
autoregressive transformation,autoregressiv transformation,ISI,
average amount of inspection,genomsnittlig kontrollomfattning,ISI,
average deviation ; mean deviation ; mean absolute deviation ; mean absolute error,genomsnittlig absolutavvikelse,ISI,
average outgoing quality level ; AOQ,genomsnittlig utgående kvalitet; AOQ,ISI,
average outgoing quality limit ; AOQL,"gräns för genomsnittlig utgående kvalitet, AOQL",ISI,
average run length ; ARL ; average sample run length,genomsnittlig svitlängd,ISI,
average sample number curve,kurva för genomsnittligt provuttag,ISI,
average sample number function ; ASN function,funktion för genomsnittligt provuttag,ISI,
average treatment effect (ATE),genomsnittlig behandlingseffekt,Lodefalk,
average treatment effect on the treated (ATT),genomsnittlig behandlingseffekt på de behandlade,Lodefalk,
axial distribution,axialfördelning,ISI,
backcalculation ; backprojection,bakåtprojektion,ISI,
backward equations,bakåtekvationer,ISI,
backward process,bakåtprocess,ISI,
balanced factorial experimental design,balanserad faktor-design,ISI,
balanced incomplete block,balanserat ofullständigt block-,ISI,
balanced lattice square,balanserad gitterkvadrat,ISI,
balanced sample,balanserat urval,ISI,
bandwidth,bandvidd,ISI,
bar chart,stapeldiagram,ISI,
base,bas,ISI,
base line,baslinje,ISI,
base period ; reference period,basperiod,ISI,
base weight,basvikt,ISI,
batch variation,partivariation,ISI,
bell-shaped curve,klockformad kurva,ISI,
Bernoulli distribution ; binomial distribution ; point binomial,binomialfördelning,ISI,
Bernoulli trials,bernoulliförsök,ISI,
best estimator ; optimum statistic,bästa estimator,ISI,
best fit,bästa anpassning,ISI,
best linear unbiased estimator ; BLUE,bästa linjära väntevärdesriktiga estimator; BLUE,ISI,
beta coefficients,betakoefficient,ISI,
beta distribution,betafördelning,ISI,
beta-binomial distribution ; compound binomial distribution,beta-binomialfördelning,ISI,
between-groups variance,mellangruppsvarians,ISI,
bias,bias; systematiskt fel,ISI,
biased coin design,obalanserad försöksplan,ISI,
biased estimator,estimator med bias; icke-väntevärdesriktig estimator,ISI,
biased sample,urval med bias,ISI,
biased test,test med bias,ISI,
bilinear model,bilinjär modell,ISI,
bimodal distribution,bimodal fördelning,ISI,
binary data ; binary variable ; dichotomous variable,binär variabel,ISI,
binomial waiting time distribution ; negative binomial distribution ; Pascal distribution,negativ binomialfördelning,ISI,
bioassay ; biological assay,bioassay,ISI,
bioequivalence test,bioekvivalenstest,ISI,
bioinformatics,bioinformatik,ISI,
biometric functions,biometrisk funktion,ISI,
biostatistics,biostatistik,ISI,
bipolar factor,bipolär faktor,ISI,
birth and death process,födelse-dödsprocess,ISI,
birth process,födelseprocess,ISI,
birth rate,födelsetal,ISI,
biserial correlation,biserial korrelation,ISI,
bivariate distribution,bivariat fördelning,ISI,
blinding,blindning; maskering,ISI,
block,block,ISI,
bootstrap methods,bootstrap-metod,ISI,
bootstrap test,bootstrap-test,ISI,
box and whisker plot,lådagram med morrhår,ISI,
box plot,lådagram,ISI,
branching process ; Galton-Watson process ; multiplicative process,förgreningsprocess,ISI,
break point ; change point,brytpunkt,ISI,
Brownian bridge,brownsk brygga,ISI,
Brownian motion process,brownsk rörelseprocess,ISI,
Bruceton method ; staircase method ; up and down method,gafflingsmetod,ISI,
bulk sampling,bulkprovtagning,ISI,
bunching estimator,bunching-estimator,Lodefalk,
busy period,upptagetperiod,ISI,
calibration,kalibrering,ISI,
call-back,återkontakt,ISI,
canonical,kanonisk,ISI,
canonical correlation,kanonisk korrelation,ISI,
canonical matrix,kanonisk matris,ISI,
canonical variable,kanonisk variabel,ISI,
capture/release sampling ; capture/recapture sampling,fångst-återfångstmetod,ISI,
cartogram,kartogram,ISI,
cascade process,kaskadprocess,ISI,
case-control study ; case-referent study ; retrospective study ; choice-based sampling,fall-kontrollstudie,ISI,
catastrophe theory,katastrofteori,ISI,
categorical data,kategoriska data,ISI,
categorical distribution,kategorisk fördelning,ISI,
categorical variable,kategorisk variabel,ISI,
category,kategori,ISI,
causal chain model,kausalkedjemodell,ISI,
causal forest,kausal skog,Lodefalk,
causal inference,kausal inferens,Lodefalk,
causality,kausalitet,ISI,
cause-specific hazard function,orsaksspecifik hasardfunktion,ISI,
cell frequency ; class frequency,klassfrekvens,ISI,
censoring,censurering,ISI,
census,totalräkning; totalundersökning,ISI,
centile ; percentile,percentil,ISI,
central confidence interval,symmetriskt konfidensintervall,ISI,
central factorial moments,centralt faktoriellt moment,ISI,
central limit theorem,centrala gränsvärdessatsen,ISI,
central moment,centralmoment,ISI,
central tendency,centraltendens,ISI,
centroid method,centroidmetod,ISI,
chain,kedja,ISI,
chain graph,kedjegraf,ISI,
chain index,kedjeindex,ISI,
chance variation,slumpvariation,ISI,
change point estimator,brytpunktsestimator,ISI,
change point models,brytpunktsmodell,ISI,
change point problem ; disorder problem,brytpunktsproblem,ISI,
changeover trial,crossover-försök,ISI,
characteristic,karakteristika,ISI,
characteristic function,karakteristisk funktion,ISI,
characteristic functional,karakteristisk funktional,ISI,
characteristic root ; eigenvalue ; latent root (vector),egenvärde,ISI,
chi distribution,chi-fördelning,ISI,
chi-squared distribution,chitvå-fördelning,ISI,
chi-squared statistic,chitvå-statistika,ISI,
chi-squared test ; s-test,chitvå-test,ISI,
chunk sampling,bekvämlighetsurval,ISI,
circular chart ; circular diagram ; pie diagram ; pie chart ; sector chart,cirkeldiagram,ISI,
circular distribution,cirkulär fördelning,ISI,
circular histogram ; polar wedge diagram ; rose diagram,kompassrosdiagram,ISI,
circular mean deviation,cirkulär medelavvikelse,ISI,
circular mean difference,cirkulär medelskillnad,ISI,
circular normal distribution,cirkulär normalfördelning,ISI,
circular test,cirkeltest,ISI,
circular uniform distribution,likformig fördelning på cirkel,ISI,
class,klass,ISI,
class mark,klassmitt,ISI,
class symbol,klassymbol,ISI,
classification ; taxonomy,klassifikation,ISI,
classification statistic,klassifikationsstatistika,ISI,
clinical trials ; clinical study,klinisk prövning,ISI,
closed sequential scheme,sluten sekventiell urvalsplan,ISI,
closed sequential t-tests ; wedge plans,slutet sekventiellt t-test,ISI,
closed-ended question,sluten fråga,ISI,
cluster,kluster,ISI,
cluster analysis,klusteranalys,ISI,
cluster randomized trial,kluster-randomiserat försök,ISI,
cluster sampling ; multi-stage sampling ; sequential selection ; sequential sampling,klustersampling,ISI,
clustering,klusterbildning,ISI,
coefficient,koefficient,ISI,
coefficient of agreement,överensstämmelsekoefficient,ISI,
coefficient of association,associationskoefficient,ISI,
coefficient of concentration,koncentrationskoefficient,ISI,
coefficient of concordance ; Kendall’s coefficient of concordance ; rank concordance coefficient,konkordanskoefficient,ISI,
coefficient of consistence,konsistenskoefficient,ISI,
coefficient of contingency,kontingenskoefficient,ISI,
coefficient of correlation,korrelationskoefficient,ISI,
coefficient of determination,förklaringsgrad; determinationskoefficient,ISI,
coefficient of multiple correlation ; multiple correlation coefficient,multipel korrelationskoefficient,ISI,
coefficient of multiple partial correlation,multipel partiell korrelationskoefficient,ISI,
coefficient of variation ; variation coefficient ; percentage standard deviation,variationskoefficient,ISI,
coherence,koherens,ISI,
cohort,kohort,ISI,
cohort life table,kohortbaserad livslängdstabell,ISI,
cohort study,kohortstudie,ISI,
cold deck method,cold deck-metod,ISI,
collinearity,kollinearitet,ISI,
combination of tests,kombinering av test,ISI,
combinatorial methods,kombinatoriska metoder,ISI,
combinatorial test,kombinatoriskt test,ISI,
common factor,gemensam faktor,ISI,
common factor variance ; communality,kommunalitet,ISI,
communicate,kommunicera,ISI,
communicating class,kommunicerande klass,ISI,
compact (serial) cluster,kompakt kluster,ISI,
compartment models,kompartmentmodell,ISI,
competing risks,konkurrerande risker,ISI,
complete case analysis,analys av fullständiga fall,ISI,
complete class (of decision functions),fullständig klass (av beslutsfunktioner),ISI,
complete class (of tests),fullständig klass (av tester),ISI,
complete correlation matrix,fullständig korrelationsmatris,ISI,
complete Latin square,fullständig romersk kvadrat,ISI,
complete linkage clustering,fullständig länk-klustring,ISI,
complete set of Latin squares,fullständig mängd av romerska kvadrater,ISI,
complete sufficient statistic,fullständig uttömmande statistika,ISI,
complete system of equations,fullständigt ekvationssystem,ISI,
completely randomised design ; completely randomized design,fullständigt randomiserad försöksplan,ISI,
completeness,fullständighet,ISI,
complier average causal effect (CACE),genomsnittlig kausaleffekt bland följare,Lodefalk,Also called LATE
component analysis,komponentanalys,ISI,
component bar chart,ackumulerat stapeldiagram,ISI,
component of interaction,samspelskomponent,ISI,
component of variance ; variance component,varianskomponent,ISI,
composite estimator,sammansatt estimator,ISI,
composite hypothesis,sammansatt hypotes,ISI,
composite sampling scheme,sammansatt urvalsplan,ISI,
compound distribution ; compound frequency distribution,sammansatt fördelning,ISI,
compressed limits,insnävade gränser,ISI,
computer-intensive methods,datorintensiv metod,ISI,
concentration,koncentration,ISI,
concomitant variable ; covariate,kovariat,ISI,
concordance,konkordans,ISI,
conditional,betingad,ISI,
conditional average treatment effect (CATE),villkorlig genomsnittlig behandlingseffekt,Lodefalk,
conditional distribution,betingad fördelning,ISI,
conditional expectation ; conditional expected value,betingat väntevärde,ISI,
conditional failure rate ; hazard,hasard,ISI,
conditional Gaussian distribution ; CG distribution,betingad normalfördelning,ISI,
conditional independence,betingat oberoende,ISI,
conditional inference,betingad inferens,ISI,
conditional likelihood,betingad likelihood,ISI,
conditional logistic regression,betingad logistisk regression,ISI,
conditional maximum likelihood,betingad maximum likelihood,ISI,
conditional power function,betingad styrkefunktion,ISI,
conditional probability,betingad sannolikhet,ISI,
conditional regression,betingad regression,ISI,
conditional statistic,betingad statistika,ISI,
conditional survivor function,betingad överlevnadsfunktion,ISI,
conditional test,betingat test,ISI,
conditionally unbiased estimator,betingat väntevärdesriktig skattning,ISI,
confidence belt ; confidence band,konfidensband,ISI,
confidence coefficient ; confidence level,konfidensnivå,ISI,
confidence interval,konfidensintervall,ISI,
confidence limits,konfidensgränser,ISI,
confidence region,konfidensområde,ISI,
configuration ; grid sampling,konfiguration,ISI,
confirmatory factor analysis ; CFA,konfirmativ faktoranalys,ISI,
confluence analysis,konfluensanalys,ISI,
conformity,överensstämmelse,ISI,
confounding,confounding,ISI,
conjugate distribution,konjugerad fördelning,ISI,
conjugate Latin squares,konjugerade romerska kvadrater,ISI,
conjugate prior,konjugerad apriorifördelning,ISI,
conjugate ranking,konjugerad rangordning,ISI,
consistency,konsistens,ISI,
consistent estimator,konsistent estimator,ISI,
consistent test,konsistent test,ISI,
constraint,bivillkor,ISI,
consumer price index ; cost-of-living index ; consumption price index ; CPI,konsumentprisindex,ISI,
consumer's risk,konsumentrisk,ISI,
contagious distribution,kontagiös fördelning,ISI,
contaminated distribution,kontaminerad fördelning,ISI,
content validity,innehållsvaliditet,ISI,
contingency,kontingens,ISI,
contingency table,kontingenstabell,ISI,
continuity,kontinuitet,ISI,
continuity correction ; correction for continuity,kontinuitetskorrektion,ISI,
continuous process,kontinuerlig process,ISI,
continuous random variable,kontinuerlig stokastisk variabel,ISI,
continuous sampling plans,kontinuerlig provtagningsplan,ISI,
contrast,kontrast,ISI,
control,kontroll; styrning; reglering,ISI,
control chart,styrdiagram; kontrolldiagram,ISI,
control limits,styrgränser; kontrollgränser,ISI,
control method,styrmetod; kontrollmetod,ISI,
controlled process,styrd process; process under kontroll,ISI,
convergence in measure,konvergens i fördelning,ISI,
convergence in probability,konvergens i sannolikhet,ISI,
convolution,faltning; konvolution,ISI,
copula,kopula,ISI,
corrected moment,korrigerat moment,ISI,
correction factor,korrektionsfaktor,ISI,
correction for grouping,korrektion för klassindelning,ISI,
correlation,korrelation,ISI,
correlation matrix,korrelationsmatris,ISI,
correlation table,korrelationstabell,ISI,
correlogram,korrelogram,ISI,
correspondence analysis ; reciprocal scaling,korrespondensanalys,ISI,
cost function,kostnadsfunktion,ISI,
counterfactual,kontrafaktisk,Lodefalk,
counting process,räkneprocess,ISI,
covariance,kovarians,ISI,
covariance kernel,kovarianskärna,ISI,
covariance matrix ; dispersion matrix,kovariansmatris,ISI,
covariation,samvariation,ISI,
coverage,täckning,ISI,
coverage probability,täckningssannolikhet,ISI,
criterion,kriterium,ISI,
critical region ; rejection region,förkastelseområde,ISI,
critical value ; rejection limit ; significance point,kritiskt värde,ISI,
cross-correlation,korskorrelation,ISI,
cross-covariance,korskovarians,ISI,
cross-over design ; switchback design ; reversal design,crossover-design,ISI,
cross-sectional survey,tvärsnittsundersökning,ISI,
cross-validation,korsvalidering,ISI,
cubic lattice,kubgitter,ISI,
cumulant,kumulant,ISI,
cumulant generating function,kumulantgenererande funktion,ISI,
cumulative distribution function ; cumulative probability function ; cumulative frequency function ; distribution function ; probability integral,fördelningsfunktion,ISI,
cumulative error,ackumulerat fel,ISI,
cumulative frequency curve ; cumulative probability curve,fördelningsfunktion,ISI,
cumulative incidence,kumulativ incidens,ISI,
cumulative process,kumulativ process,ISI,
cumulative risk ; cumulative hazard,kumulativ risk,ISI,
cumulative sum chart,kusumdiagram,ISI,
cumulative sum distribution,kusumfördelning,ISI,
current life table,tidsbegränsad livslängdstabell,ISI,
curtailed inspection,avbruten kontroll,ISI,
curve fitting,kurvanpassning,ISI,
curve of concentration,koncentrationskurva,ISI,
curvilinear trend,kurvlinjär trend,ISI,
CUSUM procedures,kusumprocedur,ISI,
cut-off,cut-off,ISI,
cycle,cykel,ISI,
cyclic design,cyklisk försöksplan,ISI,
cyclic order,cyklisk ordning,ISI,
cyclic series,cyklisk serie,ISI,
damped oscillation,dämpad svängning,ISI,
damping factor,dämpningsfaktor,ISI,
data ; datum,data,ISI,
data analysis,dataanalys,ISI,
database ; data bank,databas,ISI,
death process,dödsprocess,ISI,
death rate,dödstal,ISI,
debiased machine learning,avbiasad maskininlärning,Lodefalk,Also: double ML
decapitated distribution ; decapitated negative binomial distribution,nolltrunkerad fördelning,ISI,
decile,decil,ISI,
decision function ; decision rule,beslutsfunktion,ISI,
decision space,beslutsrum,ISI,
decision theory,beslutsteori,ISI,
decomposable models,spjälkbar model,ISI,
decomposition,spjälkning,ISI,
deconvolution,dekonvolution,ISI,
decreasing failure rate,avtagande felintensitet,ISI,
decreasing hazard rate,avtagande hasard,ISI,
defective sample,ofullständigt stickprov,ISI,
defective unit,defekt enhet,ISI,
defining contrast,definierande kontrast,ISI,
degenerate distribution ; deterministic distribution,degenererad fördelning; enpunktsfördelning,ISI,
degree of belief,grad av tilltro,ISI,
degrees of freedom,frihetsgrader,ISI,
delta distribution,deltafördelning,ISI,
delta method,deltametod,ISI,
demodulation,demodulering,ISI,
demography,demografi,ISI,
dendrogram,dendrogram; träddiagram,ISI,
density estimation,skattning av täthetsfunktion,ISI,
density function,täthetsfunktion; frekvensfunktion,ISI,
departure process,utprocess,ISI,
dependence ; dependency,beroende,ISI,
dependent variable ; effect variable ; regressand ; response variable,beroende variabel,ISI,
derived statistics,härledd statistika,ISI,
descriptive indices,beskrivande index,ISI,
descriptive statistics,beskrivande statistik,ISI,
descriptive survey,beskrivande undersökning,ISI,
design matrix,design-matris,ISI,
design of experiments,försöksplanering,ISI,
design optimality ; optimality of design,design-optimalitet,ISI,
destructive test,förstörande provning,ISI,
determining variable,förklarande variabel,ISI,
deterministic model,deterministisk modell,ISI,
deterministic process,deterministisk process,ISI,
deviate ; deviation,standardiserad variabel,ISI,
diagonal regression,diagonal regression,ISI,
dichotomy,dikotomi,ISI,
difference sign test,teckentest på successiva ändringar,ISI,
difference-in-differences (DiD),skillnad-i-skillnader,Lodefalk,
differential process ; process with independent increments,differentialprocess,ISI,
differential-difference equation,differential-differensekvation,ISI,
diffuse prior ; vague prior,icke-informativ apriorifördelning,ISI,
diffusion index,diffusionsindex,ISI,
diffusion process,diffusionsprocess,ISI,
dilution series,utspädningsserie,ISI,
dimension reduction,dimensionsreducering,ISI,
direct correlation ; positive correlation,positiv korrelation,ISI,
direct sampling,direkturval,ISI,
direct standardisation ; direct standardization,direkt standardisering,ISI,
directed acyclic graph (DAG),riktad acyklisk graf,Lodefalk,
directional data,riktningsdata,ISI,
dirty data,oediterade data,ISI,
disability adjusted life year ; DALY,invaliditetsjusterade levnadsår,ISI,
discontinuous process,diskontinuerlig process,ISI,
discontinuous variable,diskontinuerlig variabel,ISI,
discordance,diskordans,ISI,
discounted least squares method,"diskonterad minsta-
kvadratmetod",ISI,
discrepance,diskrepans; skillnad,ISI,
discrete circular uniform distribution,"diskret cirkulär likformig
fördelning",ISI,
discrete distribution,diskret fördelning,ISI,
discrete lognormal distribution,diskret lognormalfördelning,ISI,
discrete normal distribution,diskret normalfördelning,ISI,
discrete power series distribution,diskret potensseriefördelning,ISI,
discrete probability law,diskret sannolikhetsfördelning,ISI,
discrete process,diskret process,ISI,
discrete random variable,diskret stokastisk variabel,ISI,
discrete rectangular distribution,diskret likformig fördelning,ISI,
discrete variate,diskret stokastisk variabel,ISI,
discrete wavelet transformation,diskret  wavelet-transformation,ISI,
discriminant analysis ; discriminatory analysis,diskriminantanalys,ISI,
disnormality,icke-normalitet,ISI,
dispersion ; spread ; variance,spridning; dispersion,ISI,
dispersion index ; index of dispersion,dispersionsindex,ISI,
dispersion stabilising transformation ; dispersion stabilizing transformation,spridningsstabiliserande transformation,ISI,
displaced Poisson distribution,förskjuten poissonfördelning,ISI,
disproportionate subclass numbers,icke-proportionella subklasstorlekar,ISI,
dissection (of heterogeneous distributions),uppdelning (av heterogen fördelning),ISI,
dissimilarity,olikhet,ISI,
dissymmetry,icke-symmetri,ISI,
distance,avstånd,ISI,
distance distributions,avståndsfördelning,ISI,
distance measures,avståndsmått,ISI,
distributed lag,fördelad tidsförskjutning,ISI,
distribution,fördelning,ISI,
distribution curve,fördelningskurva,ISI,
distribution mixture,fördelningblandning,ISI,
distribution of exceedances,överskridandefördelning,ISI,
distribution of run lengths,svitlängdsfördelning,ISI,
distribution-free method,fördelningfri metod,ISI,
distribution-free sufficiency,fördelningsfri tillräcklighet,ISI,
disturbed harmonic process,störd harmonisk process,ISI,
disturbed oscillation,störd svängning,ISI,
divergence,divergens,ISI,
domain of study,redovisningsgrupp; domän,ISI,
dominating strategy,dominerande strategi,ISI,
dose metameter,dosmetameter,ISI,
dose-response curve,dos-responskurva,ISI,
dose-response relationship,dos-responssamband,ISI,
dotplot,punktdiagram,ISI,
double binomial distribution,dubbel binomialfördelning,ISI,
double censoring,dubbel censurering,ISI,
double confounding,dubbel confounding,ISI,
double dichotomy,dubbel dikotomi,ISI,
double exponential distribution ; Laplace distribution,dubbel exponentialfördelning,ISI,
double logarithmic chart,dubbellogaritmiskt diagram,ISI,
double machine learning (DML),dubbel maskininlärning,Lodefalk,
double sampling,dubbelsampling,ISI,
double-blind,dubbelblind,ISI,
double-ratio estimator,dubbel-kvotestimator,ISI,
doubly stochastic matrix,dubbelstokastisk matris,ISI,
doubly stochastic Poisson process ; Cox process,dubbelstokastisk poissonprocess,ISI,
doubly truncated normal distribution,dubbelt trunkerad normalfördelning,ISI,
downward bias,systematisk underskattning,ISI,
dropout,avhoppare,ISI,
dual process,dualprocess,ISI,
duality,dualitet,ISI,
dummy observation,dummyobservation,ISI,
dummy treatment,dummybehandling,ISI,
dummy variable,dummyvariabel,ISI,
duplicate sample,parallellurval,ISI,
duplicated sample,duplicerat urval,ISI,
dynamic model,dynamisk modell,ISI,
dynamic programming,dynamisk programmering,ISI,
dynamic stochastic process,dynamisk stokastisk process,ISI,
dynamic treatment allocation,dynamisk behandlingsallokering,ISI,
D²-statistic ; Mahalanobis' generalised distance ; Mahalanobis' generalized distance,D²-statistika,ISI,
econometrics,ekonometri,ISI,
effective degrees of freedom,effektivt antal frihetsgrader,ISI,
effective unit,icke-defekt enhet,ISI,
efficiency,effektivitet,ISI,
efficiency factor,effektivitetsfaktor,ISI,
efficiency index,effektivitetsindex,ISI,
efficient estimator,effektiv estimator,ISI,
elementary contrast,elementär kontrast,ISI,
elementary renewal theorem,grundläggande förnyelsesatsen,ISI,
elementary unit,elementär enhet,ISI,
elimination,eliminering,ISI,
ellipse of concentration,koncentrationsellips,ISI,
ellipsoidal normal distribution,ellipsoid normalfördelning,ISI,
elliptical normal distribution,elliptisk normalfördelning,ISI,
elliptical truncation,elliptisk trunkering,ISI,
elliptically symmetric distributions,elliptiskt symmetrisk fördelning,ISI,
ellipticity,ellipticitet,ISI,
empirical Bayes' estimator,empirisk bayes-estimator,ISI,
empirical Bayes' procedure,empirisk bayes-procedur,ISI,
empirical distribution function,empirisk fördelningsfunktion,ISI,
empirical likelihood,empirisk likelihood,ISI,
empirical probit,empirisk probit,ISI,
end corrections,ändpunktskorrektion,ISI,
endogenous variate ; endogenous variable,endogen variabel,ISI,
entropy,entropi,ISI,
environmental statistics,miljöstatistik,ISI,
epidemic,epidemi; epidemisk,ISI,
epidemic process ; epidemic model,epidemisk process,ISI,
epidemiology,epidemiologi,ISI,
epsilon-independence ; ε-independence,epsilon-oberoende,ISI,
equal probability of selection method ; epsem sampling,urvalsmetod med lika sannolikheter,ISI,
equal-tails test,symmetriskt test,ISI,
equally correlated distribution,likakorrelerad fördelning,ISI,
equilibrium,jämviktsläge,ISI,
equilibrium distribution,jämviktsfördelning,ISI,
equilibrium renewal process,stationär förnyelseprocess,ISI,
equivalence class,ekvivalensklass,ISI,
equivalence testing,ekvivalenstest,ISI,
equivalent dose,likvärdig dos,ISI,
equivalent samples,likvärdiga stickprov,ISI,
equivariant estimator,ekvivariant estimator,ISI,
ergodic state,ergodiskt tillstånd,ISI,
ergodicity,ergodicitet,ISI,
error,fel,ISI,
error band,felmarginal,ISI,
error function ; Kramp function,felfunktion,ISI,
error function complement,felfunktionskomplement,ISI,
error in equations,fel i ekvationer,ISI,
error mean square,medelkvadratsumma för residualer,ISI,
error of estimation,estimationsfel,ISI,
error of observation,observationsfel,ISI,
error sum of squares ; residual sum of squares,residualkvadratsumma,ISI,
error variance ; residual variance,residualvarians,ISI,
errors in surveys,fel i undersökningar,ISI,
errors-in-variables model,modell med fel i variabler,ISI,
essential completeness,essentiell fullständighet,ISI,
estimable,skattningsbar; estimerbar,ISI,
estimate,skattning; estimat,ISI,
estimating equation,skattningsekvation,ISI,
estimation ; estimating,skattning; estimation,ISI,
estimator,stickprovsfunktion; estimator; skattning,ISI,
Euclidean distance,euklidiskt avstånd,ISI,
event,händelse,ISI,
event history data,händelsehistoria,ISI,
event space ; sample space ; sample description space,utfallsrum,ISI,
event study,eventstudie,Lodefalk,
evolutionary operation,evolutionär operation,ISI,
evolutionary process,evolutionär process,ISI,
evolutionary spectrum,evolutionärt spektrum,ISI,
exact statistical method,exakt statistisk metod,ISI,
exact test,exakt test,ISI,
exceedance life test,livslängdsöverskottstest,ISI,
exceedances,överskridande,ISI,
exceedances tests,överskottstest,ISI,
exchangeability,utbytbarhet,ISI,
exchangeable (variables) ; symmetrically dependent,utbytbara variabler,ISI,
exclusion restriction,exkluderingskriterium,Lodefalk,IV assumption
exhaustive sampling,uttömmande urval; totalundersökning,ISI,
exogenous variate ; exogenous variable,exogen variabel,ISI,
expectation ; expected value,väntevärde,ISI,
expected frequencies ; theoretical frequencies,förväntad frekvens,ISI,
expected probit,förväntad probit,ISI,
experimental error,försöksfel,ISI,
experimental unit,försöksenhet,ISI,
expert system,expertsystem,ISI,
exploratory data analysis ; EDA,explorativ dataanalys; EDA,ISI,
exploratory survey,explorativ undersökning,ISI,
explosive process,exploderande process,ISI,
exponential curve,exponentialkurva,ISI,
exponential dispersion model,exponentiell spridningsmodell,ISI,
exponential distribution ; negative exponential distribution,exponentialfördelning,ISI,
exponential family ; Koopman-Darmois family,exponentialfamilj,ISI,
exponential regression,exponentiell regression,ISI,
exponential smoothing,exponentiell utjämning,ISI,
extended Bayes' decision rule,utvidgad bayesiansk beslutsregel,ISI,
extended hypergeometric distribution,utvidgad hypergeometrisk fördelning,ISI,
extended negative binomial distribution,utvidgad negativ binomialfördelning,ISI,
external validity,extern validitet,ISI,
extrapolation,extrapolering,ISI,
extrapolation forecasting,prognos genom extrapolering,ISI,
extremal index,extremalindex,ISI,
extremal intensity,extremalintensitet,ISI,
extremal process,extremalprocess,ISI,
extremal quotient,extremalkvot,ISI,
extremal statistic,extremalstatisika,ISI,
extreme mean,extremt medelvärde,ISI,
extreme studentised deviate ; extreme studentized deviate,extrem studentiserad variabel,ISI,
extreme values,extremvärde,ISI,
extreme-value distributions ; Gumbel distribution,extremvärdesfördelning,ISI,
F-distribution ; Snedecor's F-distribution ; variance ratio distribution,F-fördelning,ISI,
F-test ; variance ratio test,F-test,ISI,
factor,faktor,ISI,
factor analysis,faktoranalys,ISI,
factor loading ; test coefficient,faktorladdning,ISI,
factor matrix,faktormatris,ISI,
factor pattern,faktormönster,ISI,
factor rotation,faktorrotation,ISI,
factor score,faktorpoäng,ISI,
factorial cumulant,faktoriell kumulant,ISI,
factorial cumulant generating function,faktoriell kumulantgenererande funktion,ISI,
factorial distribution,faktoriell fördelning,ISI,
factorial experiment ; factorial design,faktorförsök,ISI,
factorial moment,faktoriellt moment,ISI,
factorial moment generating function,faktoriell momentgenererande funktion,ISI,
factorial multinomial distribution ; multivariate hypergeometric distribution,faktoriell multinomialfördelning,ISI,
factorial sum,faktorialsumma,ISI,
failure rate ; hazard rate ; hazard function,felintensitet,ISI,
fair game ; equitable game,rättvist spel,ISI,
false negative,falskt negativ,ISI,
false positive,falskt positiv,ISI,
fast Fourier transform ; FFT,snabb fouriertransform,ISI,
fatigue models,utmattningsmodell,ISI,
fertility gradient,fertilitetsgradient,ISI,
fertility rate,fertilitetstal,ISI,
fiducial distribution,fiduciell fördelning,ISI,
fiducial inference,fiduciell inferens,ISI,
fiducial limits,fiduciella gränser,ISI,
fiducial probability,fiduciell sannolikhet,ISI,
filter,filter,ISI,
finite arc sine distribution,ändlig arcsinusfördelning,ISI,
finite Markov chain,ändlig markovkedja,ISI,
finite multiplier ; finite population correction ; finite sampling correction,ändlighetskorrektion,ISI,
finite population,ändlig population,ISI,
first passage time ; entrance time,första passagetid,ISI,
first return time,första återkomsttid,ISI,
first stage unit,förstastegsenhet; primär urvalsenhet,ISI,
fixed base index,fastbasindex,ISI,
fixed effects (constants) model,modell med fixa effekter,ISI,
fixed effects model,modell med fixa effekter,Lodefalk,
fixed sample,stående urval,ISI,
folded distributions,absolutvärdesfördelning,ISI,
follow-up,uppföljning,ISI,
forecasting ; prediction,prognos,ISI,
forward equations,framåtekvationer,ISI,
four-fold table ; two-by-two frequency table,fyrfältstabell,ISI,
Fourier analysis,fourieranalys,ISI,
Fourier transform,fouriertransform,ISI,
fractal,fraktal,ISI,
fractile ; quantile,fraktil; kvantil,ISI,
fractile graphical analysis,grafisk analys av fraktiler,ISI,
fraction defective,felkvot,ISI,
fractional Brownian motion,fraktionell brownsk rörelse,ISI,
fractional replication,fraktionell upprepning,ISI,
frailty model,frailty-modell,ISI,
frame,ram,ISI,
freehand method,frihandsmetod,ISI,
frequency,frekvens,ISI,
frequency curve,frekvenskurva,ISI,
frequency distribution,frekvensfördelning,ISI,
frequency domain,frekvensdomän,ISI,
frequency moment ; probability moment,frekvensmoment,ISI,
frequency polygon,frekvenspolygon,ISI,
frequency response function ; transfer function,frekvenssvarsfunktion,ISI,
frequency surface,frekvensyta,ISI,
frequency table,frekvenstabell,ISI,
frequency theory of probability,frekventistisk sannolikhetsteori,ISI,
frequentist,frekventist,ISI,
full information method,fullständig-informationsmetod,ISI,
functional relationship,funktionellt samband,ISI,
fundamental probability set ; reference set,utfallsrum,ISI,
fundamental random process,fundamental slumpprocess,ISI,
funnel plot,tratt-diagram,ISI,
fuzzy regression discontinuity,inexakt regressionssprångdesign,Lodefalk,
fuzzy set theory,oskarp mängdlära,ISI,
g-statistics,g-statistika,ISI,
gain function,förstärkningssfunktion; vinstfunktion,ISI,
gambler's ruin,spelarens ruin,ISI,
game theory,spelteori,ISI,
gamma coefficients,gammakoefficient,ISI,
gamma distribution,gammafördelning,ISI,
gamma function,gammafunktion,ISI,
gamma integral,gammaintegral,ISI,
gamma-frailty models,gamma-frailty-modell,ISI,
GARCH model ; generalised autoregressive conditional heteroscedasticity model ; generalized autoregressive conditional heteroscedasticity model,GARCH-modell,ISI,
general factor,g-faktor,ISI,
general interdependent system,generellt interdependent system,ISI,
general renewal process,generell förnyelseprocess,ISI,
generalised additive model ; generalized additive model ; GAM,generaliserad additiv modell,ISI,
generalised binomial distribution ; generalized binomial distribution ; Poisson binomial distribution,generaliserad binomialfördelning,ISI,
generalised bivariate exponential distribution ; generalized bivariate exponential distribution,generaliserad bivariat exponentialfördelning,ISI,
generalised classical linear estimators ; generalized classical linear estimators ; two-stage least squares,generaliserad klassisk linjär estimator,ISI,
generalised contagious distribution ; generalized contagious distribution,generaliserad kontagiös fördelning,ISI,
generalised cross-validation ; generalized cross-validation ;,generaliserad korsvalidering,ISI,
generalised distance ; generalized distance,generaliserat avstånd,ISI,
generalised distribution ; generalized distribution,generaliserad fördelning,ISI,
generalised estimating equations ; generalized estimating equations ; GEE,generaliserad skattningsekvation,ISI,
generalised extreme-value distribution ; generalized extreme-value distribution ;,generaliserad extremvärdesfördelning,ISI,
generalised gamma distributions ; generalized gamma distributions ; Creedy and Martin generalised gamma distribution ; Creedy and Martin generalized gamma distribution,generaliserad gammafördelning,ISI,
generalised inverse ; generalized inverse ; pseudo-inverse ; Moore-Penrose inverse,generaliserad invers,ISI,
generalised least squares estimator ; generalized least squares estimator,generaliserad minsta-kvadratestimator,ISI,
generalised linear model ; generalized linear model,generaliserad linjär modell,ISI,
generalised maximum likelihood estimator ; generalized maximum likelihood estimator,generaliserad maximum likelihoodestimator,ISI,
generalised mixed model ; generalized mixed model,generaliserad blandad modell,ISI,
generalised multinomial distribution ; generalized multinomial distribution,generaliserad multinomialfördelning,ISI,
generalised normal distribution ; generalized normal distribution ; Kapteyn's univariate distribution,generaliserad normalfördelning,ISI,
generalised stable law ; generalized stable law,generaliserad stabil fördelning,ISI,
generalised T² distribution ; generalized T² distribution,generaliserad T²-fördelning,ISI,
generating function,genererande funktion,ISI,
genetic algorithm,genetisk algoritm,ISI,
geometric distribution,geometrisk fördelning,ISI,
geometric mean,geometriskt medelvärde,ISI,
geometric moving average,geometriskt glidande medelvärde,ISI,
geometric probability,geometrisk sannolikhet,ISI,
geostatistics,geostatistik,ISI,
girdle distribution,ringfördelning,ISI,
given period,aktuell period,ISI,
goodness of fit,anpassningsgrad,ISI,
gradual changes,gradvis förändring,ISI,
graduation curve,utjämningsskurva,ISI,
Graeco-Latin square,grekisk-romersk kvadrat,ISI,
graphical estimator,grafisk estimator,ISI,
graphical model,grafisk modell,ISI,
grid,rutnät,ISI,
group,grupp,ISI,
group comparison,gruppjämförelse,ISI,
group divisible design ; group divisible PBIB,gruppdelbar försöksplan,ISI,
group divisible incomplete block design,gruppdelbar försöksplan med ofullständiga block,ISI,
group divisible rotatable designs,gruppdelbar roterbar försöksplan,ISI,
group factor,gruppfaktor,ISI,
group screening methods,gruppsållningsmetod,ISI,
group sequential design,gruppsekventiell försöksplan,ISI,
group testing,grupptestning,ISI,
grouped Poisson distribution,grupperad poissonfördeling,ISI,
grouping lattice,gitter för gruppindelning,ISI,
growth curve,tillväxtkurva,ISI,
Guttman scaling,guttmanskalning,ISI,
half-invariant ; semi-invariant,semi-invariant,ISI,
half-normal distribution ; semi-normal distribution,semi-normal fördelning,ISI,
half-normal plot,halv-normalplott,ISI,
half-normal probability paper,halv-normalfördelningspapper,ISI,
half-width ; semi-range,halv intervallängd,ISI,
harmonic analysis,harmonisk analys,ISI,
harmonic dial,harmoniskt klockdiagram,ISI,
harmonic distribution,harmonisk fördelning,ISI,
harmonic mean,harmoniskt medelvärde,ISI,
harmonic process,harmonisk process,ISI,
harmonic regression,harmonisk regression,ISI,
hat matrix,hattmatris,ISI,
hazard rate distribution,hasardfördelning,ISI,
heterogeneity,heterogenitet,ISI,
heterokurtic,oliktoppig,ISI,
heteroscedastic,heteroskedastisk,ISI,
heteroskedasticity,heteroskedasticitet,Lodefalk,
heteroskedasticity-consistent standard errors,robusta standardfel,Lodefalk,Also: robust SE
hidden Markov model,dold markovmodell,ISI,
hierarchical birth and death process,hierarkisk födelse-dödsprocess,ISI,
hierarchical classification ; nested classification,hierarkisk klassificering,ISI,
hierarchical cluster analysis,hierarkisk klusteranalys,ISI,
hierarchical group divisible design,hierarkisk grupp-delbar försöksplan,ISI,
hierarchical model,hierarkisk modell,ISI,
hierarchy,hierarki,ISI,
high-low graph,min-maxdiagram,ISI,
histogram,histogram,ISI,
historical controls,historiska kontroller,ISI,
hitting point,träfftidpunkt,ISI,
homogeneity,homogenitet,ISI,
homogeneous process,homogen process,ISI,
homokurtic,liktoppig,ISI,
homoscedastic,homoskedastisk,ISI,
homoskedasticity,homoskedasticitet,Lodefalk,
honest process,reguljär process,ISI,
horseshoe effect,hästskoeffekt,ISI,
hot deck method,hot deck-metod,ISI,
hyper-Graeco-Latin square,hyper-grekisk-romersk kvadrat,ISI,
hyper-spherical normal distribution,hypersfärisk normalfördelning,ISI,
hyperexponential distribution,hyperexponentialfördelning,ISI,
hypergeometric distribution,hypergeometrisk fördelning,ISI,
hypergeometric waiting time distribution ; inverse hypergeometric distribution,hypergeometrisk väntetidsfördelning,ISI,
hypothesis testing ; testing of hypothesis,hypotesprövning,ISI,
hypothetical population,hypotetisk population,ISI,
ideal index number,idealt index,ISI,
identical errors,likafördelade fel,ISI,
identifiability,identifierbarhet,ISI,
idle period,inaktiv period,ISI,
ill-conditioned,illakonditionerad,ISI,
illness-death model,sjukdom-död-modell,ISI,
illusory association ; illusory correlation ; nonsense correlation,nonsenskorrelation,ISI,
image analysis,bildanalys,ISI,
image processing,bildbehandling,ISI,
imbedded process,inbäddad process,ISI,
immigration,immigration,ISI,
improper distribution,oegentlig fördelning,ISI,
improper prior,oegentlig aprioriföredelning,ISI,
impulse response function,impulssvarsfördelning,ISI,
imputation,imputering,ISI,
inadmissible estimator,dominerad estimator,ISI,
incidence,incidens,ISI,
incidence rate,incidenstal,ISI,
inclusion probability,inklusionssannolikhet,ISI,
incomplete beta function,ofullständig betafunktion,ISI,
incomplete block,ofullständigt block,ISI,
incomplete census,ofullständig totalundersökning,ISI,
incomplete data,ofullständiga data,ISI,
incomplete gamma function,ofullständig gammafunktion,ISI,
incomplete Latin square ; Youden square,ofullständig romersk kvadrat,ISI,
incomplete multi-response design,ofullständig multi-responsdesign,ISI,
inconsistent estimator,inkonsistent estimator,ISI,
increasing failure rate,växande felintensitet,ISI,
increasing hazard rate,växande hasard,ISI,
independence,oberoende,ISI,
independent censoring,oberoende censurering,ISI,
independent trials,oberoende försök,ISI,
independent variable ; cause variable ; explanatory variable ; fixed variable ; predicated variable ; predictor ; predictor variable ; regressor,förklarande variabel; oberoende variabel,ISI,
index number ; index,indextal,ISI,
indicator function,indikatorfunktion,ISI,
indicator variable,indikatorvariabel,ISI,
indifference,indifferens,ISI,
indirect least squares,indirekt minsta-kvadratmetod,ISI,
indirect sampling,indirekt urval,ISI,
indirect standardisation ; indirect standardization,indirekt standardisering,ISI,
induction,induktion,ISI,
inefficient estimator,icke-effektiv estimator,ISI,
inefficient statistic,icke-effektiv statistika,ISI,
inequality coefficient,olikhetskoefficient,ISI,
inferential statistics,statistisk inferens,ISI,
infinite divisibility,oändlig delbarhet,ISI,
infinite population ; infinite universe,oändlig population,ISI,
inflation factor,uppräkningsfaktor,ISI,
influence,influens,ISI,
influence curve,influenskurva,ISI,
influence function,influensfunktion,ISI,
influential observation,inflytelserik observation,ISI,
information,information,ISI,
information criterion,informationskriterium,ISI,
information matrix,informationsmatris,ISI,
information theory,informationsteori,ISI,
informative censoring,informativ censurering,ISI,
informative prior,informativ apriorifördelning,ISI,
inherent bias,inneboende bias,ISI,
inhomogeneous Poisson process,inhomogen poissonprocess,ISI,
input/output process,input-output-process,ISI,
inspection by attribute,attributkontroll,ISI,
inspection diagram,kontrolldiagram,ISI,
inspection lot,kontrollparti,ISI,
instantaneous state,ögonblickstillstånd,ISI,
instrumental variable,instrumentalvariabel,ISI,
integer programming,heltalsprogrammering,ISI,
integrated data,integrerade data,ISI,
integrated moving average process ; IMA process,IMA-process,ISI,
integrated spectrum,integrerat spektrum,ISI,
intensity,intensitet,ISI,
intensity function,intensitetsfunktion,ISI,
intensive sampling,intensivt urval,ISI,
intention-to-treat (ITT),behandlingsavsiktsanalys,Lodefalk,
interaction,samspel,ISI,
interblock,mellanblocks-,ISI,
intercalate Latin square,inskjuten romersk kvadrat,ISI,
intercept,intercept; skärning,ISI,
interclass correlation,mellanklasskorrrelation,ISI,
interclass variance,mellanklassvarians,ISI,
interdecile range,decilavstånd,ISI,
internal validity,intern validitet,ISI,
internal variance,inomklassvarians,ISI,
interpenetrating samples (subsamples) ; network of samples,interpenetrerande urval,ISI,
interpolation,interpolering,ISI,
interquartile range ; IQR,kvartilavstånd,ISI,
interval censoring,intervallcensurering,ISI,
interval distribution,intervallängdsfördelning,ISI,
interval estimation,intervallskattning,ISI,
intervention analysis,interventionsanalys,ISI,
interviewer bias,intervjuarbias,ISI,
intrablock,inomblocks-,ISI,
intrablock analysis,inomblocksanalys,ISI,
intraclass correlation,inomklasskorrelation,ISI,
intraclass variance,inomklassvarians,ISI,
intrinsic accuracy,inneboende noggrannhet,ISI,
invariance,invarians,ISI,
invariance method,invariansmetod,ISI,
invariant,invariant,ISI,
inventory problems,lagerproblem,ISI,
inverse distribution,invers fördelning,ISI,
inverse Gaussian distribution ; Wald distribution ; inverse normal distribution,invers normalfördelning,ISI,
inverse moment,moment av negativ ordning,ISI,
inverse probability,invers sannolikhet,ISI,
inverse probability weighting (IPW),invers sannolikhetsviktning,Lodefalk,
inverse problems,inversproblem,ISI,
inverse sampling,invers sampling,ISI,
inverse sine transformation,arcsinustransformation,ISI,
inversion,invertering,ISI,
irreducible Markov chain ; irreducible chain,irreducibel markovkedja,ISI,
isokurtosis,liktoppighet,ISI,
isometric chart,isometriskt diagram,ISI,
isomorphism,isomorfi,ISI,
isotonic regression function,isotonisk regressionsfunktion,ISI,
isotropic distribution,isotropisk fördelning,ISI,
isotropy,isotropi,ISI,
item analysis,item-analys,ISI,
iterated bootstrap,itererad bootstrap,ISI,
iterative weighted least squares,iterativ vägd minsta-kvadratmetod,ISI,
J-shaped distribution,J-formad fördelning,ISI,
jackknife,jackknife,ISI,
jackknife variance estimator,jackknife-variansestimator,ISI,
joint prediction intervals,simultana prediktionsintervall,ISI,
joint sufficiency,simultan tillräcklighet,ISI,
judgment sample,bedömningsurval,ISI,
jump matrix,hoppmatris,ISI,
just identified model,exakt identifierad modell,ISI,
k-class estimator,k-klassestimator,ISI,
k-means clustering,k-medelvärdesklustring,ISI,
k-ratio,k-kvot,ISI,
k-samples problem,k-sampelproblem,ISI,
K-test,K-test,ISI,
Kalman filter,kalmanfilter,ISI,
kernel density estimator,kärnestimator,ISI,
kernel estimate ; kernel estimator,kärnestimat,ISI,
kernel smoothing in regression,kärnutjämning i regression,ISI,
kriging,kriging,ISI,
kurtosis,toppighet,ISI,
L-estimator,L-estimator,ISI,
L-tests,L-test,ISI,
ladder index,stegindex,ISI,
ladder variable,stegvariabel,ISI,
lag,tidsförskjutning; lagg,ISI,
lag correlation,,ISI,
lag covariance,,ISI,
lag regression,regression med tidsförskjutna variabler,ISI,
Laplace transform,laplace-transform,ISI,
latent class analysis ; latent trait analysis,latent klass-analys,ISI,
latent structure,latent struktur,ISI,
latent variable,latent variabel,ISI,
Latin cube,romersk kub,ISI,
Latin rectangle,romersk rektangel,ISI,
Latin square,romersk kvadrat,ISI,
lattice design,gitterdesign,ISI,
lattice distributions,gitterfördelning,ISI,
lattice square,gitterkvadrat,ISI,
law of iterated logarithm,itererad logaritm-lag,ISI,
law of large numbers,stora talens lag,ISI,
law of small numbers,små talens lag,ISI,
least significant difference test ; LSD test,LSD-test,ISI,
least squares estimator,minsta-kvadratestimator,ISI,
least squares method,minsta-kvadratmetod,ISI,
left-censoring,vänster-censurering,ISI,
left-truncation,vänster-trunkering,ISI,
leptokurtosis,flacktoppighet,ISI,
level map,nivåkarta,ISI,
level of a factor,faktornivå,ISI,
level of interpenetration,interpenetreringsnivå,ISI,
level of significance ; significance level,signifikansnivå,ISI,
leverage ; influence ; leverage point,hävstångseffekt,ISI,
life expectancy,förväntad livslängd,ISI,
life table,livslängdstabell,ISI,
lifetime distribution,livslängdsfördelning,ISI,
likelihood,likelihood,ISI,
likelihood principle,likelihood-princip,ISI,
likelihood ratio,likelihood-kvot,ISI,
likelihood ratio test,likelihood-kvottest,ISI,
Likert scale,likertskala,ISI,
limited information estimator,informationsbegränsad estimator,ISI,
limited information methods,informationsbegränsade  metoder,ISI,
line of equal distribution ; line of equidistribution,likhetslinje,ISI,
line sampling,linjesampling,ISI,
line spectrum,linjespektrum,ISI,
linear constraint,linjärt bivillkor,ISI,
linear discriminant function,linjär diskriminantfunktion,ISI,
linear estimator,linjär estimator,ISI,
linear failure rate distribution,fördelning med linjär felintensitet,ISI,
linear hypothesis,linjär hypotes,ISI,
linear maximum likelihood method,linjär maximum-likelihoodmetod,ISI,
linear model,linjär modell,ISI,
linear process,linjär process,ISI,
linear programming,linjär programmering,ISI,
linear regression,linjär regression,ISI,
linear structural relation,linjär strukturekvation,ISI,
linear sufficiency,linjär tillräcklighet,ISI,
linear trend ; rectilinear trend,linjär trend,ISI,
linearised maximum likelihood method ; linearized maximum likelihood method,lineariserad maximum-likelihoodmetod,ISI,
link function,länkfunktion,ISI,
linkage,koppling,ISI,
linkage analysis,kopplingsanalys,ISI,
linked blocks,kopplade block,ISI,
linked data,länkade data,ISI,
linked samples,kopplade stickprov,ISI,
list sample,listurval,ISI,
loading,laddning,ISI,
local asymptotic efficiency,lokal asymptotisk effektivitet,ISI,
local average treatment effect (LATE),lokal genomsnittlig behandlingseffekt,Lodefalk,
local likelihood estimation,lokal likelihood-skattning,ISI,
location,läge,ISI,
location parameter,lägesparameter,ISI,
log F distribution,log-F-fördelning,ISI,
log gamma distribution,log-gammafördelning,ISI,
log-chi-squared distribution,log-chitvå-fördelning,ISI,
log-linear models,log-linjär modell,ISI,
log-log transformation,log-log-transformation,ISI,
log-logistic distribution,log-logistisk fördelning,ISI,
log-rank test ; Mantel-Haenszel test,log-rangtest,ISI,
logarithmic chart ; logarithmic graph,logaritmiskt diagram,ISI,
logarithmic normal distribution ; lognormal distribution,log-normalfördelning,ISI,
logarithmic series distribution,logaritmseriefördelning,ISI,
logarithmic transformation,logaritmisk transformation,ISI,
logistic curve ; Pearl-Read curve,logistika,ISI,
logistic distribution,logistisk fördelning,ISI,
logistic process,logistisk process,ISI,
logistic regression ; linear logistic regression,logistisk regression,ISI,
logit,logit,ISI,
lognormal,log-normal,ISI,
longitudinal survey,longitudinell undersökning,ISI,
Lorenz curve,lorenzkurva,ISI,
loss function,förlustfunktion,ISI,
loss matrix,förlustmatris,ISI,
loss of information,informationsförlust,ISI,
lot,parti,ISI,
lot quality protection,kvalitetsskydd för enskilt parti,ISI,
lot tolerance per cent defective,högsta tillåtna felkvot i parti,ISI,
lottery sampling ; ticket sampling,tombolaurval,ISI,
lower control limit,undre styrgräns,ISI,
lower quartile,undre kvartil,ISI,
M-estimate,M-skattning,ISI,
M-estimator,M-estimator,ISI,
machine learning,maskininlärning,Lodefalk,
magic square design,magisk-kvadratförsök,ISI,
main effect,huvudeffekt,ISI,
manifold classification ; multiple classification,flerdimensionell klassificering,ISI,
marginal category,marginalkategori,ISI,
marginal classification,marginalklassificering,ISI,
marginal distribution,marginalfördelning,ISI,
marked point process,märkt punkt-process,ISI,
marker variable,markörvariabel,ISI,
Markov chain,markovkedja,ISI,
Markov chain Monte Carlo ; MCMC,MCMC,ISI,
Markov field,markovfält,ISI,
Markov process,markovprocess,ISI,
martingale,martingal,ISI,
master sample,basurval,ISI,
matched samples,matchade urval,ISI,
matching,matchning,ISI,
matching coefficient,matchningskoefficient,ISI,
matching distribution,matchningsfördelning,ISI,
matrix sampling,matrisurval,ISI,
maximin criterion,maximin-kriterium,ISI,
maximum entropy method,maximum entropi-metod,ISI,
maximum entropy principle,maximum entropi-princip,ISI,
maximum likelihood estimator ; MLE,maximum likelihood-estimator,ISI,
maximum likelihood method,maximum likelihood-metod,ISI,
mean difference,medeldifferens,ISI,
mean direction,medelriktning,ISI,
mean range,genomsnittlig variationsvidd,ISI,
mean residual life,återstående medellivslängd,ISI,
mean square,medelkvadrat,ISI,
mean square deviation,medelkvadratavvikelse,ISI,
mean square error,medelkvadratfel,ISI,
mean values,medelvärde,ISI,
measure of location ; measure of central tendency,lägesmått,ISI,
median,median,ISI,
median effective dose ; ED50,medianeffektiv dos; ED50,ISI,
median lethal dose ; lethal dose 50 ; LD50,medianletal dos; LD50,ISI,
median survival time,medianöverlevnadstid,ISI,
median test,mediantest,ISI,
median unbiased confidence interval,medianriktigt konfidensintervall,ISI,
median unbiasedness,medianriktighet,ISI,
mesokurtosis,medeltoppighet,ISI,
meta-analysis,metaanalys,ISI,
metameter,metameter,ISI,
method of moments,momentmetod,ISI,
method of path coefficients ; standardised regression coefficients ; standardized regression coefficients,stigkoefficientmetod,ISI,
method of steepest ascent,brantaste lutningsmetod,ISI,
mid-mean,kvartiltrimmat medelvärde,ISI,
mid-range,variationsområdets mittpunkt,ISI,
mid-rank method,medelrangmetod,ISI,
minimal sufficient statistics,minimal tillräcklig statistika,ISI,
minimax estimation,minimax-skattning,ISI,
minimax principle,minimax-princip,ISI,
minimax regret principle,minimax-regret-princip,ISI,
minimax robust estimator,minimax-robust estimator,ISI,
minimax strategy,minimax-strategi,ISI,
minimum chi-squared,minimum chitvå,ISI,
minimum completeness,minimal fullständighet,ISI,
minimum variance,minsta varians,ISI,
misclassification,felklassificering,ISI,
missing at random ; MAR,slumpmässigt saknat; MAR,ISI,
missing completely at random ; MCAR,fullständigt slumpmässigt saknat; MCAR,ISI,
missing data,saknat värde,ISI,
mixed autoregressive-moving average process ; ARMA process,ARMA-process,ISI,
mixed distribution,sammansatt fördelning,ISI,
mixed model,blandad modell,ISI,
mixed strategy,blandad strategi,ISI,
mixture distribution,blandfördelning,ISI,
mixture of distributions,blandning av fördelningar,ISI,
mode ; modal value,typvärde,ISI,
model,modell,ISI,
model I ; first kind model,modell av typ I,ISI,
model II ; second kind model ; random effects model,modell av typ II,ISI,
modified binomial distribution,modifierad binomialfördelning,ISI,
modified control limits,modifierade styrgränser,ISI,
modified exponential curve,modifierad exponentialkurva,ISI,
modified Latin square,modifierad romersk kvadrat,ISI,
modified mean ; modified arithmetic mean ; trimmed mean,modifierat medelvärde,ISI,
modified normal distributions,modifierad normalfördelning,ISI,
moment ; moment coefficient ; power moment,moment,ISI,
moment estimator,momentestimator,ISI,
moment generating function,momentgenererande funktion,ISI,
moment matrix,momentmatris,ISI,
moment ratio,momentkvot,ISI,
monotone likelihood ratio,monoton likelihood-kvot,ISI,
monotone regression,monoton regression,ISI,
Monte Carlo method,Monte Carlo-metod,ISI,
monthly average,månadsmedelvärde,ISI,
morphometrics,morfometri,ISI,
most efficient estimator,effektivaste estimator,ISI,
most powerful critical region,starkaste kritiska område,ISI,
most powerful rank test,starkaste rangtest,ISI,
most powerful test,starkaste test,ISI,
most stringent test,mest stringenta test,ISI,
moving annual total,glidande årssumma,ISI,
moving average,glidande medelvärde,ISI,
moving average method,glidande medelvärdesmetod,ISI,
moving average model,glidande medelvärdesmodell,ISI,
moving average process ; Slutsky process,glidande medelvärdesprocess,ISI,
moving range,glidande variationsvidd,ISI,
moving seasonal variation,glidande säsongvariation,ISI,
moving summation process,glidande summationsprocess,ISI,
moving total,glidande summa,ISI,
moving weights,glidande viktsystem,ISI,
multi-dimensional scaling,flerdimensionell skalning,ISI,
multi-equational model ; simultaneous equations model,flerekvationsmodell,ISI,
multi-factorial design,flerfaktor-design,ISI,
multi-modal distribution,flertoppig fördelning,ISI,
multi-phase sampling,flerfasurval,ISI,
multi-stage sample ; multi-stage sampling,flerstegsurval,ISI,
multi-temporal model,multi-temporal modell,ISI,
multi-valued decision,flervärdesbeslut,ISI,
multicollinearity,multikollinearitet,ISI,
multilinear process,multilinjär process,ISI,
multinomial distribution,multinomialfördelning,ISI,
multiple bar chart,grupperat stapeldiagram,ISI,
multiple comparisons,multipla jämförelser,ISI,
multiple decision methods,multipel beslutsmetod,ISI,
multiple decision problem,multipelt beslutsproblem,ISI,
multiple factor analysis,multipel faktoranalys,ISI,
multiple imputation,multipel imputering,ISI,
multiple Markov process,multipel markovprocess,ISI,
multiple phase process,flerfasprocess,ISI,
multiple Poisson distribution,multipel poissonfördelning,ISI,
multiple Poisson process,multipel poissonprocess,ISI,
multiple regression,multipel regression,ISI,
multiple sampling,multipel provtagning,ISI,
multiple stratification,multipel stratifiering,ISI,
multiple time series,multipel tidsserie,ISI,
multiplicity,multiplicitet,ISI,
multistate model,flertillståndsmodell,ISI,
multivariate analysis,multivariat analys,ISI,
multivariate analysis of variance table ; MANOVA table,MANOVA-tabell,ISI,
multivariate beta distribution,multivariat betafördelning,ISI,
multivariate binomial distribution,multivariat binomialfördelning,ISI,
multivariate distribution ; joint distribution,flerdimensionell fördelning; multivariat fördelning,ISI,
multivariate exponential distribution,flerdimensionell exponentialfördelning,ISI,
multivariate F-distribution,flerdimensionell F-fördelning,ISI,
multivariate multinomial distribution,flerdimensionell multinomialfördelning,ISI,
multivariate negative binomial distribution ; negative multinomial distribution,flerdimensionell negativ binomialfördelning,ISI,
multivariate normal distribution,flerdimensionell normalfördelning,ISI,
multivariate processes,multivariat process,ISI,
multivariate quality control,multivariat kvalitetskontroll,ISI,
multivariate signed rank test,multivariat tecken-rangtest,ISI,
mutability ; variability,variabilitet,ISI,
natural conjugate prior,naturlig konjugerad apriorifördelning,ISI,
natural experiment,naturligt experiment,Lodefalk,
nearest-neighbour clustering ; single-linkage clustering,närmaste-granneklustring,ISI,
nearest-neighbour methods,närmaste-grannemetod,ISI,
nearly best linear estimator,nästan bästa linjära estimator,ISI,
negative hypergeometric distribution,negativ hypergeometrisk fördelning,ISI,
negative moments,moment av negativ ordning,ISI,
nested balanced incomplete block design,nästlad design med balanserade ofullständiga block,ISI,
nested case-control studies,nästlade fall-kontrollstudier,ISI,
nested design,nästlad design,ISI,
nested hypotheses,nästlade hypoteser,ISI,
nested methods,nästlad metod,ISI,
network sampling,nätverksurval,ISI,
neural network,neuralt nätverk,ISI,
new better than used distribution ; NBU distribution,NBU-fördelning,ISI,
noise,brus,ISI,
nomogram ; nomograph,nomogram,ISI,
non-central beta distribution,icke-central betafördelning,ISI,
non-central chi-square distribution ; non-central χ² distribution ; Rice distribution,icke-central chitvå-fördelning,ISI,
non-central confidence interval,icke-centralt konfidensintervall,ISI,
non-central F-distribution,icke-central F-fördelning,ISI,
non-central multivariate beta distribution,icke-central flerdimensionell betafördelning,ISI,
non-central multivariate F-distribution,icke-central flerdimensionell F-fördelning,ISI,
non-central t-distribution,icke-central t-fördelning,ISI,
non-centrality parameter,parameter för icke-centralitet,ISI,
non-compliance ; non-adherence,icke-följsamhet,ISI,
non-ignorable non-response,icke-ignorerbart bortfall,ISI,
non-normal population,icke-normalfördelad population,ISI,
non-parametric,icke-parametrisk,ISI,
non-parametric confidence intervals,icke-parametriskt konfidensintervall,ISI,
non-parametric delta method,icke-parametrisk deltametod,ISI,
non-parametric maximum likelihood,icke-parametrisk maximum likelihood,ISI,
non-parametric tolerance limits,icke-parametriska toleransgränser,ISI,
non-random sample,icke-slumpmässigt stickprov,ISI,
non-recurrent state,icke återkommande tillstånd,ISI,
non-regular estimator,icke-reguljär estimator,ISI,
non-response,bortfall,ISI,
non-sampling error,icke-urvalsfel,ISI,
non-singular distribution,icke-singulär fördelning,ISI,
nonlinear regression ; nonlinear model ; curvilinear regression ; skew regression,icke-linjär regression,ISI,
normal deviate ; Normit,värde på standardiserad normalfördelning,ISI,
normal distribution ; Gaussian distribution ; Laplace-Gauss distribution ; Gauss distribution ; second law of Laplace,normalfördelning,ISI,
normal equations,normalekvationer,ISI,
normal inspection,normal kontroll,ISI,
normal probability paper,normalfördelningspapper,ISI,
normal scores tests,normalscore-test,ISI,
normalisation of frequency function ; normalization of frequency function,normalisering av frekvensfunktion,ISI,
normalisation of scores ; normalization of scores,poängnormalisering,ISI,
normalising transformation ; normalizing transformation,normaliserande transformation,ISI,
nuisance parameters,störparameter,ISI,
null hypothesis,nollhypotes,ISI,
null recurrent state ; transient state,transient tillstånd,ISI,
numerical taxonomy ; taxonometry,numerisk taxonomi,ISI,
oblimax,oblimax,ISI,
oblique factor,oblik faktor,ISI,
observable variable,observerbar variabel,ISI,
observational error,observationsfel,ISI,
observational study,observationsstudie,ISI,
observed at random ; OAR,slumpmässigt observerat,ISI,
observed information matrix,observerad informationsmatris,ISI,
occupancy problems,beläggningsproblem,ISI,
octiles,oktiler,ISI,
odds,odds,ISI,
official statistics,officiell statistik,ISI,
omitted variable bias,snedvridning från utelämnade variabler,Lodefalk,
one-way classification,envägsindelning,ISI,
open sequential scheme,öppen sekventiell urvalsplan,ISI,
open-ended classes,öppen klass,ISI,
open-ended question,öppen fråga,ISI,
operating characteristic,acceptanssannolikhet,ISI,
operational research (br.) ; operations research (am.),operationsanalys,ISI,
opinion survey ; opinion poll,opinionsundersökning,ISI,
optimal stopping rule,optimal stoppregel,ISI,
optimum allocation,optimal allokering,ISI,
optimum linear predictor,optimal linjär prediktor,ISI,
optimum stratification,optimal stratifiering,ISI,
optimum test,optimalt test,ISI,
order of interaction,samspelsordning,ISI,
order of stationarity,stationaritetsordning,ISI,
order statistics,ordningsstatistika,ISI,
ordered alternative hypothesis,ordnad mothypotes,ISI,
ordered categorisation ; ordered categorization,ordnad kategorisering,ISI,
orderly stationary point process ; regular stationary point process,reguljär stationär punktprocess,ISI,
orthogonal,ortogonal,ISI,
orthogonal arrays,ortogonal uppställning,ISI,
orthogonal design,ortogonal design,ISI,
orthogonal functions,ortogonala funktioner,ISI,
orthogonal polynomials,ortogonala polynom,ISI,
orthogonal process,ortogonal process,ISI,
orthogonal projection,ortogonal projektion,ISI,
orthogonal regression,ortogonal regression,ISI,
orthogonal squares,ortogonala kvadrater,ISI,
orthogonal tests ; independent tests,ortogonala test,ISI,
orthogonal variable transformation,ortogonal variabeltransformation,ISI,
orthonormal system,ortonormalt system,ISI,
oscillation,svängning,ISI,
oscillatory process,oscillerande process,ISI,
outcome,utfall,ISI,
outlier prone distribution,outlier-benägen fördelning,ISI,
outliers,outlier; avvikande värde,ISI,
over-identification,överidentifiering,ISI,
overdispersion,överdispersion,ISI,
overlapping sampling units,överlappande urvalsenheter,ISI,
P-P plot,P-P-plott,ISI,
p-value,p-värde,ISI,
paired comparison,parvis jämförelse,ISI,
paired t-test,parat t-test,ISI,
pairwise independence,parvist oberoende,ISI,
panel data,paneldata,ISI,
panel study,panelstudie,ISI,
parallel line assay,parallell-linje-assay,ISI,
parallel trends assumption,parallella trender,Lodefalk,DiD key assumption
parameter,parameter,ISI,
parameter of location,lägesparameter,ISI,
parameter of scale,skalparameter,ISI,
parameter orthogonality,parameterortogonalitet,ISI,
parameter point,parameterpunkt,ISI,
parametric hypothesis ; parameter hypothesis,parametrisk hypotes,ISI,
parametric programming,parametrisk programmering,ISI,
partial association,partiellt samband,ISI,
partial confounding,partiell confounding,ISI,
partial contingency,partiell kontingens,ISI,
partial correlation,partiell korrelation,ISI,
partial correlogram,partiellt korrelogram,ISI,
partial least squares ; PLS,partiell minsta-kvadrat,ISI,
partial rank correlation,partiell rangkorrelation,ISI,
partial regression,partiell regression,ISI,
partial replacement,partiell återläggning,ISI,
partial serial correlation ; partial autocorrelation,partiell autokorrelation,ISI,
partially balanced arrays,partiellt balanserad uppställning,ISI,
partially balanced incomplete block design,partiellt balanserad ofullständig block-design,ISI,
partially balanced lattice,partiellt balanserat gitter,ISI,
partially balanced linked block design,partiellt balanserad kopplad block-design,ISI,
partially consistent observations,partiellt konsistenta observationer,ISI,
partially linked block design,partiellt kopplad block-design,ISI,
partition of chi-squared ; partition of χ²,uppspjälkning av chi-två,ISI,
path analysis,stiganalys,ISI,
pattern recognition,mönsterigenkänning,ISI,
patterned sampling ; systematic sample,systematiskt urval,ISI,
pay-off matrix,betalmatris,ISI,
peak ; peak value,toppvärde,ISI,
penalised estimation ; penalized estimation,penaliserad estimation,ISI,
penalised least squares ; penalized least squares,penaliserat minsta-kvadratkriterium,ISI,
penalised likelihood ; penalized likelihood,penaliserad likelihood,ISI,
penalised quasi-likelihood ; penalized quasi-likelihood,penaliserad kvasi-likelihood,ISI,
percentage diagram,procentdiagram,ISI,
percentage distribution,procentuell fördelning,ISI,
percentile confidence interval,percentilbaserat konfidensintervall,ISI,
percolation process,perkolationsprocess,ISI,
performance characteristic,prestandaegenskap,ISI,
period,period,ISI,
period of a state,period för tillstånd,ISI,
periodic process,periodisk process,ISI,
periodogram ; Schuster periodogram,periodogram,ISI,
permissible estimator,tillåten skattning,ISI,
persistency,persistens,ISI,
persistent state ; positive recurrent state,persistent tillstånd,ISI,
person-years,personår,ISI,
perturbation techniques,perturbationsteknik,ISI,
phase,fas,ISI,
phase diagram,fasdiagram,ISI,
phase function,fasfunktion,ISI,
phase spectrum,fasspektrum,ISI,
pictogram,piktogram,ISI,
piecewise regression ; segmented regression,styckvis regression,ISI,
pilot survey ; pilot sample,provundersökning; pilotundersökning,ISI,
pivotal quantity,pivåvariabel,ISI,
placebo,placebo,ISI,
placebo test,placebotest,Lodefalk,
platykurtosis,lågtoppighet,ISI,
plot,plott; provyta,ISI,
point biserial correlation,punktbiserial korrelation,ISI,
point bivariate distribution ; bivariate distribution of two discrete variables,diskret bivariat fördelning,ISI,
point estimation,punktskattning,ISI,
point of control ; point of indifference,indifferenspunkt,ISI,
point process,punktprocess,ISI,
point sampling,punkturval,ISI,
polychoric correlation,polykorisk korrelation,ISI,
polycross designs,polycross-design,ISI,
polynomial regression,polynomregression,ISI,
polynomial trend,polynomtrend,ISI,
polyspectra,polyspektrum,ISI,
polytomic table,polytom tabell,ISI,
pooling of classes,klass-sammanslagning,ISI,
pooling of error,poolning av fel,ISI,
population genetics,populationsgenetik,ISI,
positive binomial distribution,positiv binomialfördelning,ISI,
positive hypergeometric distribution,positiv hypergeometrisk fördelning,ISI,
positive skewness,positiv snedhet,ISI,
posterior probability,aposteriorisannolikhet,ISI,
power ; strength of a test,styrka,ISI,
power function,styrkefunktion,ISI,
power spectrum ; spectral function,spektralfunktion,ISI,
power transformation,potenstransformation,ISI,
pre-trend test,förtrendstest,Lodefalk,
pre-whitening,för-blekning,ISI,
precedence test,underskottstest,ISI,
precision,precision,ISI,
precision matrix,precisionsmatris,ISI,
predetermined variable,förutbestämd variabel,ISI,
prediction interval,prediktionsintervall,ISI,
predictive decomposition,prediktiv spjälkning,ISI,
predictive inference,prediktiv inferens,ISI,
predictive likelihood,prediktiv likelihood,ISI,
predictive regression analysis,prediktiv regressionsanalys,ISI,
preference table,preferenstabell,ISI,
prevalence ; prevalence rate,prevalens,ISI,
price compensation index,priskompensationsindex,ISI,
price index,prisindex,ISI,
price relative,relativpris,ISI,
primary unit,primärenhet,ISI,
principal components,principalkomponent,ISI,
principal components regression,principalkomponentregression,ISI,
principal coordinates analysis,principalkoordinatanalys,ISI,
prior probability ; a priori probability,apriorisannolikhet,ISI,
priority queuing,prioriterad köordning,ISI,
probability,sannolikhet,ISI,
probability density function ; PDF ; frequency function,täthetsfunktion,ISI,
probability distribution,sannolikhetsfördelning,ISI,
probability element,sannolikhetselement,ISI,
probability limits,sannolikhetsgräns,ISI,
probability mass,sannolikhetsmassa,ISI,
probability paper,sannolikhetspapper,ISI,
probability plot,sannolikhetsdiagram,ISI,
probability ratio test,likelihood-kvottest,ISI,
probability sampling,sannolikhetsurval,ISI,
probability surface,sannolikhetsyta,ISI,
probit,probit,ISI,
probit analysis,probitanalys,ISI,
probit regression line,probitregression,ISI,
procedural bias,procedur-bias,ISI,
process average fraction defective,genomsnittlig felkvot för process,ISI,
processing error,bearbetningsfel,ISI,
producer's risk,producentrisk,ISI,
product moment ; joint moment ; multivariate moment,produktmoment,ISI,
product moment correlation ; Pearson coefficient of correlation,produktmomentkorrelation,ISI,
profile analysis ; analysis of variance of longitudinal data,profilanalys,ISI,
profile likelihood,profil-likelihood,ISI,
prognostic factor,prognostisk faktor,ISI,
progressive average,progressivt medelvärde,ISI,
progressively censored sampling,progressivt censurerat urval,ISI,
projection,projektion,ISI,
propensity score,benägenhetspoäng,Lodefalk,
propensity score matching,propensity score-matchning,Lodefalk,
proper distribution,egentlig fördelning,ISI,
proportional frequency,relativ frekvens,ISI,
proportional hazards model ; Cox model,proportionell-hasardmodell,ISI,
proportional odds model,proportionella-oddsmodell,ISI,
proportional sampling,proportionellt urval,ISI,
prospective study ; historical prospective study,prospektiv studie,ISI,
protocol,protokoll,ISI,
proximity analysis,proximitetsanalys,ISI,
pseudo-factor,pseudofaktor,ISI,
pseudo-likelihood,pseudo-likelihood,ISI,
pseudo-random numbers,pseudoslumptal,ISI,
pseudo-spectrum,pseudospektrum,ISI,
psychometrics,psykometri,ISI,
publication bias,publicerings-bias,ISI,
pure birth process,födelseprocess,ISI,
pure random process ; random process ; stochastic process ; stable process (distribution) ; stationary process ; stationary stochastic process,stokastisk process,ISI,
pure strategy,enkel strategi,ISI,
purposive sample,bedömningsurval; avsiktsbaserat urval,ISI,
Q-Q plot,Q-Q-plot,ISI,
Q-technique,Q-teknik,ISI,
quadrat,kvadrat,ISI,
quadratic estimator,kvadratisk skattningsfunktion,ISI,
quadratic exponential model,kvadratisk exponentialmodell,ISI,
quadratic form,kvadratisk form,ISI,
quadratic mean,kvadratiskt medel,ISI,
quadratic programming,kvadratisk programmering,ISI,
quadratic response,kvadratisk respons,ISI,
quadrature spectrum,kvadraturspektrum,ISI,
qualitative data,kvalitativa data,ISI,
qualitative interaction,kvalitativt samspel,ISI,
quality adjusted life year,kvalitetsjusterade levnadsår,ISI,
quality control ; quality inspection ; statistical quality control,kvalitetsstyrning; kvalitetskontroll,ISI,
quality control chart,kvalitetsstyrdiagram,ISI,
quality of life,livskvalitet,ISI,
quantal response,kategori-indelad respons,ISI,
quantitative data,kvantitativa data,ISI,
quantitative response,kvantitativ respons,ISI,
quantity relative,relativkvantitet,ISI,
quantum index,kvantitetsindex,ISI,
quartile,kvartil,ISI,
quartile deviation ; semi-interquartile range,kvartilavvikelse,ISI,
quartile measure of skewness,kvartilbaserat snedhetsmått,ISI,
quartile variation,kvartilvariation,ISI,
quasi-compact cluster,kvasikompakt kluster,ISI,
quasi-experiments,kvasiexperiment,ISI,
quasi-factorial design,kvasifaktoriell försöksplan,ISI,
quasi-independence,kvasioberoende,ISI,
quasi-Latin square,kvasi-romersk kvadrat,ISI,
quasi-likelihood,kvasi-likelihood,ISI,
quasi-Markov chain,kvasi-markovkedja,ISI,
quasi-median,kvasimedian,ISI,
questionnaire ; schedule,frågeformulär,ISI,
queueing problem,köproblem,ISI,
quintiles,kvintil,ISI,
quota sample,kvotasampel,ISI,
quotient regression,kvotregression,ISI,
R-estimator,R-skattning,ISI,
R-process,R-process,ISI,
R-technique,R-teknik,ISI,
radix,radix,ISI,
raising factor,uppräkningsfaktor,ISI,
random,slumpmässig; slump-,ISI,
random coefficient model,modell med slumpmässiga koefficienter,ISI,
random component,slumpkomponent,ISI,
random effects model,modell med slumpmässiga effekter,Lodefalk,
random error,slumpfel; slumpmässigt fel,ISI,
random event,slumphändelse,ISI,
random impulse process,process med slumpmässiga impulser,ISI,
random linear graph,linjär slumpgraf,ISI,
random number generator,slumptalsgenerator,ISI,
random order,slumpmässig ordning,ISI,
random sample,slumpmässigt stickprov,ISI,
random sampling numbers ; random numbers ; random digits,slumptal,ISI,
random selection,slumpurval,ISI,
random series,slumpserie,ISI,
random start,slumpmässig start,ISI,
random walk,slumpvandring,ISI,
randomisation ; randomization,randomisering,ISI,
randomisation tests ; randomization tests ; permutation tests,randomiseringstest,ISI,
randomised blocks ; randomized blocks,randomiserade block,ISI,
randomised controlled trial (RCT),randomiserad kontrollerad studie,Lodefalk,
randomised decision function ; randomized decision function,randomiserad beslutsfunktion,ISI,
randomised fractional factorial designs ; randomized fractional factorial designs,randomiserad fraktionell faktoriell design,ISI,
randomised response ; randomized response,randomiserad respons,ISI,
range,variationsvidd,ISI,
range chart,variationsviddsdiagram,ISI,
rank,rang,ISI,
rank correlation,rangkorrelation,ISI,
rank order statistics,rangstatistika,ISI,
rank scores ; rank transformation,rangtal,ISI,
rank-randomisation tests ; rank-randomization tests,randomiserat test baserat på rang,ISI,
rank-weighted mean,rang-vägt medelvärde,ISI,
rankit,rankit,ISI,
ratio,kvot,ISI,
ratio estimator,kvotestimator,ISI,
ratio scale,kvotskala,ISI,
raw moment,råmoment,ISI,
raw score,råpoäng,ISI,
realisation ; realization,realisering,ISI,
records tests,rekordtest,ISI,
recovery of information,informationsåtervinnande,ISI,
rectangular distribution ; uniform distribution,likformig fördelning,ISI,
rectangular lattice,rektangulärt gitter,ISI,
rectified index number,rektifierat indextal,ISI,
rectifying inspection,kontroll följd av rättning,ISI,
recurrence time,återkomsttid,ISI,
recurrent Markov chain,rekurrent markovkedja,ISI,
recurrent state,återkommande tillstånd,ISI,
recursive algorithm,rekursiv algoritm,ISI,
recursive system,rekursivt system,ISI,
reduced design,reducerad design,ISI,
reduced equations,reducerade ekvationer,ISI,
reduced inspection,reducerad kontroll,ISI,
reduced sample,reducerat stickprov,ISI,
reduction of data,reducering av data,ISI,
reference prior distribution,referens-apriorifördelning,ISI,
reflecting barrier,reflekterande barriär,ISI,
refusal rate,andel vägrare,ISI,
regenerative process,regenerativ process,ISI,
regression,regression,ISI,
regression coefficient ; regression weight,regressionskoefficient,ISI,
regression curve ; regression line,regressionskurva,ISI,
regression diagnostics,regressionsdiagnostik,ISI,
regression discontinuity design (RDD),regressionssprångdesign,Lodefalk,
regression estimate,regressionsskattning,ISI,
regression kink design (RKD),regressionskröksdesign,Lodefalk,
regression surface,regressionsyta,ISI,
regressogram,regressogram,ISI,
regret,ånger; regret,ISI,
regular estimator,reguljär skattning,ISI,
regular state,reguljärt tillstånd,ISI,
rejection line,avvisningslinje,ISI,
rejection number,avvisningstal,ISI,
relative efficiency (of a sample design),relativ effektivitet,ISI,
relative efficiency (of a test) ; power efficiency,relativ effektivitet (av ett test),ISI,
relative efficiency (of an estimator),relativ effektivitet (av en estimator),ISI,
relative frequency,relativ frekvens,ISI,
relative information,relativ information,ISI,
relative potency,relativ potens,ISI,
relative precision,relativ precision,ISI,
relative risk ; odds ratio,relativ risk,ISI,
relative variance ; relvariance,relativ varians,ISI,
reliability,reliabilitet; tillförlitlighet,ISI,
reliability coefficient ; self-correlation coefficient,reliabilitetskoefficient,ISI,
REML ; reduced maximum likelihood ; restricted maximum likelihood,reducerad maximum likelihood,ISI,
remote sensing,fjärranalys,ISI,
renewal density,förnyelsetäthet,ISI,
renewal distribution,förnyelsefördelning,ISI,
renewal function,förnyelsefunktion,ISI,
renewal process,förnyelseprocess,ISI,
renewal theorem,förnyelsesats,ISI,
renewal theory,förnyelseteori,ISI,
repeated survey,upprepad undersökning,ISI,
repetition,upprepning,ISI,
replacement,återläggning,ISI,
replication,replikation,ISI,
representative sample,representativt urval,ISI,
reproducibility,reproducerbarhet,ISI,
resampling procedure,återsamplingsförfarande,ISI,
residual,residual,ISI,
residual treatment effect ; residual effect ; carry over effect ; treatment-period interaction,kvarstående behandlingseffekt; carry-over-effekt,ISI,
residual waiting time,återstående väntetid,ISI,
response,respons; svar,ISI,
response error,svarsfel,ISI,
response metameter,responsmetameter,ISI,
response surface,responsyta,ISI,
response surface designs,responsytedesign,ISI,
response time distribution,svarstidsfördelning,ISI,
restricted randomisation ; restricted randomization,villkorad randomisering,ISI,
restricted sequential procedure,begränsad sekventiell procedur,ISI,
return level,återkomstnivå,ISI,
return period ; return time,återkomstperiod,ISI,
return states,återkomsttillstånd,ISI,
reversal test,omkastningstest,ISI,
reversible relation,reversibelt samband,ISI,
ridge regression,ridge-regression,ISI,
right-censoring,högercensurering,ISI,
right-truncation,högertrunkering,ISI,
risk ; average loss ; expected loss,risk,ISI,
risk factor,riskfaktor,ISI,
risk function,riskfunktion,ISI,
risk ratio,riskkvot,ISI,
robust estimators,robust estimator,ISI,
robustness,robusthet,ISI,
rotatable design,roterbar försöksplan,ISI,
rotation,rotation,ISI,
rotation sampling,roterande urval,ISI,
Round Robin design,Round Robin-design,ISI,
rounding,avrundning,ISI,
route sampling,rutt-sampling,ISI,
ruin problems,ruinproblem,ISI,
runs,svit,ISI,
saddle point,sadelpunkt,ISI,
sample,stickprov; sampel; urval,ISI,
sample design ; sample plan ; survey design ; sampling plan ; sampling design,urvalsplan,ISI,
sample moment ; sampling moment,stickprovsmoment,ISI,
sample point,stickprovspunkt,ISI,
sample size,stickprovsstorlek,ISI,
sample statistic ; statistic ; statistics,statistika;  stickprovsvariabel; stickprovsfunktion,ISI,
sample survey ; sampling survey ; survey,stickprovsundersökning,ISI,
sample unit,urvalsenhet,ISI,
sample variance ; sampling variance,stickprovsvarians,ISI,
sampling distribution,samplingfördelning,ISI,
sampling error,urvalsfel,ISI,
sampling for attribute,attributprovtagning,ISI,
sampling fraction ; sampling ratio,urvalsfraktion,ISI,
sampling frame,urvalsram,ISI,
sampling inspection,provtagningskontroll,ISI,
sampling interval,stickprovsintervall,ISI,
sampling on successive occasions,urval vid successiva tillfällen,ISI,
sampling unit,urvalsenhet,ISI,
sampling with replacement,urval med återläggning,ISI,
saturated model,exakt mättad modell,ISI,
saturation,mättningsgrad,ISI,
scale equivariant estimator,skalekvivariant estimator,ISI,
scale parameter,skalparameter,ISI,
scatter diagram ; scattergram ; scatter plot,punktdiagram; spridningsdiagram,ISI,
scedasticity,skedasticitet,ISI,
scheme of hidden periodicity,förlopp med dold periodicitet,ISI,
score,poäng; score,ISI,
score equation,score-ekvation,ISI,
score statistic,score-statistika,ISI,
score vector,score-vektor,ISI,
screening design,screening-plan; sållningsplan,ISI,
screening inspection,screening-kontroll; sållningskontroll,ISI,
seasonal variation ; seasonal fluctuation,säsongvariation,ISI,
second-order analysis,andra ordningens analys,ISI,
second-order stationary ; second-order stationarity,andra ordningens stationaritet,ISI,
secondary process,sekundärprocess,ISI,
secondary unit ; second- stage unit,andrastegsenhet,ISI,
secular trend ; long-time trend ; trend,trend,ISI,
selection bias,urvals-bias,ISI,
selection with arbitrary probability ; selection with variable probability,urval med godtyckliga sannolikheter,ISI,
selection with equal probability,urval med lika sannolikheter,ISI,
selection with probability proportional to size,urval med storleksproportionella sannolikheter,ISI,
self-avoiding random walks,självundvikande slumpvandring,ISI,
self-conjugate Latin square,symmetrisk romersk kvadrat,ISI,
self-weighting sample ; self-weighted sample,självvägande urval,ISI,
semi-Latin square,semiromersk kvadrat,ISI,
semi-logarithmic chart ; semi-logarithmic graph,semilogaritmiskt diagram,ISI,
semi-Markov process,semimarkovprocess,ISI,
semi-martingale,semimartingal,ISI,
semi-stable law,semistabil fördelning,ISI,
semi-stationary process,semistationär process,ISI,
semivariogram,semivariogram,ISI,
sensitivity analysis,känslighetsanalys,ISI,
sensitivity and specificity,sensitivitet och specificitet,ISI,
sensitivity function,känslighetsfunktion,ISI,
sequential analysis,sekventiell analys,ISI,
sequential estimation,sekventiell estimation,ISI,
sequential test,sekventiellt test,ISI,
serial dilution assay,seriell utspädnings-assay,ISI,
series ; statistical series,serie,ISI,
shape,form,ISI,
shape parameter,formparameter,ISI,
sharp regression discontinuity,skarp regressionssprångdesign,Lodefalk,
shock and error model,chock- och felmodell,ISI,
shock model,chockmodell,ISI,
short-term fluctuation,korttidsvariationer,ISI,
shortest confidence intervals ; most selective confidence intervals,kortaste konfidensintervall,ISI,
shot noise,hagelbrus,ISI,
sigmoid curve ; sigmoid ; S-curve,sigmoid kurva; S-kurva,ISI,
sign test,teckentest,ISI,
signed rank test ; Wilcoxon's matched pairs rank test,rangteckentest,ISI,
significance,signifikans,ISI,
similarity,likhet; similaritet,ISI,
similarity index,likhetsindex,ISI,
simple hypothesis,enkel hypotes,ISI,
simple lattice design,enkel gitterplan,ISI,
simple random sampling,enkelt slumpmässigt urval; obundet slumpmässigt urval,ISI,
simple structure,enkel struktur,ISI,
simplex algorithm,simplexalgoritm,ISI,
simplex designs,simplex-design,ISI,
simplex method,simplexmetod,ISI,
simplex models,simplexmodell,ISI,
simulation model,simuleringsmodell,ISI,
simultaneous confidence intervals,simultana konfidensintervall,ISI,
simultaneous estimation,simultan estimation,ISI,
simultaneous tolerance intervals,simultana toleransintervall,ISI,
single factor theory,enfaktorteori,ISI,
single-blind,enkelblind,ISI,
singular distribution,singulär fördelning,ISI,
six point assay,sexpunkts-assay,ISI,
size,storlek,ISI,
size of a test,signifikansnivå,ISI,
skew distribution,sned fördelning,ISI,
slippage test,förskjutningstest,ISI,
slope ratio assay,lutningskvots-assay,ISI,
slowly varying function,långsamt varierande funktion,ISI,
smoothing ; graduation,utjämning,ISI,
smoothing power,utjämningsförmåga,ISI,
snowball sampling,snöbollsurval,ISI,
sojourn time,uppehållstid,ISI,
space-time clustering,rum-tidsklustring,ISI,
spatial point process,spatial punktprocess,ISI,
spatial statistics,rumslig statistik,ISI,
spatial systematic sample,systematiskt urval i rummet,ISI,
specific factor,specifik faktor,ISI,
specific rate,specifik kvot; specifikt tal,ISI,
specification bias ; specification error,specifikationsfel,ISI,
specificity,specificitet,ISI,
spectral average,spektralmedelvärde,ISI,
spectral decomposition,spektralspjälkning,ISI,
spectral density function,spektraltäthetsfunktion,ISI,
spectral distribution function,spektralfördelningsfunktion,ISI,
spectral weight function ; spectral window,spektralviktsfunktion,ISI,
spectrum,spektrum,ISI,
spent waiting time,förbrukad väntetid,ISI,
spherical distribution,sfärisk fördelning,ISI,
spherical mean direction,sfärisk medelriktning,ISI,
spherical normal distribution,sfärisk normalfördelning,ISI,
spherical standard error,sfäriskt medelfel,ISI,
spherical variance,sfärisk varians,ISI,
spherical variance function,sfärisk variansfunktion,ISI,
spherically symmetric distributions,sfäriskt symmetrisk fördelning,ISI,
splicing,skarvning,ISI,
spline estimate,spline-estimat,ISI,
split half method ; split test method,halveringsmetod,ISI,
split plot design ; split plot method,splitplot-försök,ISI,
spreadsheet,kalkylblad,ISI,
spurious correlation,skenbar korrelation; nonsenskorrelation,ISI,
square lattice,gitterkvadrat,ISI,
square root transformation,kvadratrotstransformation,ISI,
squariance ; sum of squares about the mean,kvadratsumma,ISI,
stabilisation of variance ; stabilization of variance,variansstabilisering,ISI,
stability test,stabilitetstest,ISI,
stable law,stabil fördelning,ISI,
stable state,stabilt tillstånd,ISI,
staggered adoption design,stegvis implementeringsdesign,Lodefalk,
staggered difference-in-differences,stegvis skillnad-i-skillnader,Lodefalk,
staircase design,trappstegs-design,ISI,
staircase distribution,trappstegsfördelning,ISI,
standard deviation ; standard deviate,standardavvikelse,ISI,
standard error,medelfel,ISI,
standard error of estimate,estimats medelfel,ISI,
standard Latin square,standardiserad romersk kvadrat,ISI,
standard measure,standardiserat mått,ISI,
standard population,standardpopulation,ISI,
standard score ; z-score,standardiserad poäng,ISI,
standardised deviate ; standardised deviate,standardiserad variabel,ISI,
standardised mortality ratio ; standardized mortality ratio ; SMR,standardiserat dödstal,ISI,
standardised variable ; standardized variable,standardiserad variabel,ISI,
stationary distribution,stationär fördelning,ISI,
stationary population,stationär population,ISI,
statistical decision function,statistisk beslutsfunktion,ISI,
statistical graphics,statistisk grafik,ISI,
statistical hypothesis,statistisk hypotes,ISI,
statistical literacy,statistisk allmänbildning,ISI,
statistical population,statistisk population,ISI,
statistical tolerance interval,statistiskt toleransintervall,ISI,
statistical tolerance limit ; prediction limit,statistisk toleransgräns,ISI,
statistical tolerance region,statistisk toleransregion,ISI,
statistically equivalent block,statistiskt likvärdiga block,ISI,
stem and leaf display ; stem and leaf plot ; stem and leaf diagram,stam-och-blad-diagram,ISI,
stepwise regression,stegvis regression,ISI,
stereogram,stereogram,ISI,
stereology,stereologi,ISI,
stochastic,stokastisk; slump-; slumpmässig,ISI,
stochastic approximation procedure,stokastisk approximationsprocedur,ISI,
stochastic convergence,stokastisk konvergens,ISI,
stochastic dependence,stokastiskt beroende,ISI,
stochastic disturbance,stokastisk störning,ISI,
stochastic kernel,stokastisk kärna,ISI,
stochastic matrix,stokastisk matris,ISI,
stochastic model ; statistical model,stokastisk modell,ISI,
stochastic programming,stokastisk programmering,ISI,
stochastic transitivity,stokastisk transitivitet,ISI,
stochastic variable ; variable ; random variable ; random variate ; variate,slumpvariabel; stokastisk variabel,ISI,
stochastic volatility,stokastisk volatilitet,ISI,
stochastically larger or smaller,stokastiskt större eller mindre,ISI,
stopping rule,stoppregel,ISI,
strata chart,ackumulerat linjediagram; ytdiagram,ISI,
strategy,strategi,ISI,
stratification,stratifiering,ISI,
stratification after selection,efterstratifiering; poststratifiering,ISI,
stratified sample,stratifierat urval,ISI,
stratum,stratum,ISI,
strictly dominated estimator,"strikt dominerad estimator; strängt 
dominerad estimator",ISI,
strictly stationary process,strikt stationär process,ISI,
strong completeness,stark fullständighet,ISI,
strong convergence,stark konvergens,ISI,
strong law of large numbers,stark form av stora talens lag,ISI,
strongly consistent estimator,starkt konsistent estimator,ISI,
structural changes,strukturell förändring,ISI,
structural equation,strukturekvation,ISI,
structural equation models,strukturekvationsmodell,ISI,
structural parameters,strukturparameter,ISI,
structural time-series models,strukturell tidsseriemodell,ISI,
structure,struktur,ISI,
Student's distribution ; Student's t-distribution ; t-distribution,Students t-fördelning,ISI,
studentisation ; studentization,studentisering,ISI,
studentised confidence interval ; studentized confidence interval,studentiserat konfidensintervall,ISI,
studentised range ; studentized range,studentiserad variationsvidd,ISI,
sub-series,delserie,ISI,
subexponential distribution,subexponentiell fördelning,ISI,
subjective Bayesian inference,subjektiv bayesiansk inferens,ISI,
subjective probability ; personal probability,subjektiv sannolikhet,ISI,
submartingale,submartingal,ISI,
subnormal dispersion,subnormal spridning,ISI,
subsample,subsampel; underurval,ISI,
subsampling,subsampling; underurval,ISI,
substitute F-ratio,förenklad F-kvot,ISI,
substitute t-ratio,förenklad t-kvot,ISI,
substitution,substitution,ISI,
successive difference statistic,successiv differens-statistiska,ISI,
sufficiency,tillräcklighet,ISI,
super-martingale,supermartingal,ISI,
superefficiency,supereffektivitet,ISI,
superfluous variable,överflödig variabel,ISI,
supernormal dispersion,supernormal spridning,ISI,
superpopulation models,superpopulationsmodeller,ISI,
superposed process,överlagrad process,ISI,
superposed variation,överlagrad variation,ISI,
supersaturated design,övermättad föröksplan,ISI,
supplementary information ; supplementary data,tilläggsinformation,ISI,
support,stöd,ISI,
surprise index,överraskningsindex,ISI,
survey ; inquiry,undersökning; survey,ISI,
survey methodology,undersökningsmetodik,ISI,
survival analysis,överlevnadsanalys,ISI,
survivor function ; survival function,överlevnadsfunktion,ISI,
symmetric circular distribution,symmetrisk cirkulär fördelning,ISI,
symmetric stable law,symmetrisk stabil  fördelning,ISI,
symmetrical distribution,symmetrisk fördelning,ISI,
symmetrical factorial design,symmetriskt faktorförsök,ISI,
symmetrical test,symmetriskt test,ISI,
symmetry,symmetri,ISI,
sympathy effect,sympatieffekt,ISI,
synergy,synergi,ISI,
synthetic control method,syntetisk kontrollmetod,Lodefalk,
systematic,systematisk,ISI,
systematic design,systematisk försöksplan,ISI,
systematic error,systematiskt fel,ISI,
systematic variation,systematisk variation,ISI,
t-ratio distribution,t-kvotsfördelning,ISI,
T-square test,T-två-test,ISI,
T-test,T-test,ISI,
t-test ; Student's test,t-test,ISI,
taboo probability,tabu-sannolikhet,ISI,
taboo state,tabu-tillstånd,ISI,
tail area (of a distribution),svansarea (hos en fördelning),ISI,
temporally continuous process,tidskontinuerlig process,ISI,
temporally homogeneous process,tidshomogen process,ISI,
terminal decision,avslutande beslut,ISI,
test of normality,normalfördelningstest,ISI,
test statistic,testvariabel,ISI,
tetrachoric correlation,tetrakorisk korrelation,ISI,
tetrachoric function,tetrakorisk funktion,ISI,
theoretical variable,teoretisk variabel,ISI,
three-dimensional lattice,tredimensionellt gitter,ISI,
three-stage least squares,trestegs minsta-kvadratmetod,ISI,
threshold model,tröskelmodell,ISI,
threshold theorems,tröskelteorem,ISI,
tied ranks,lika ranger,ISI,
tightened inspection,skärpt kontroll,ISI,
time domain,tidsdomän,ISI,
time lag,tidsförskjutning,ISI,
time series,tidsserie,ISI,
time-dependent covariates,tidsberoende kovariat,ISI,
tolerance,tolerans,ISI,
tolerance distribution,toleransfördelning,ISI,
tolerance factor,toleransfaktor,ISI,
tolerance limits,toleransgränser,ISI,
tolerance number of defects,tillåtet antal fel,ISI,
total correlation,bruttokorrelation,ISI,
total inspection,totalkontroll,ISI,
total time on test transformation,TTT-transformering,ISI,
traffic intensity,trafikintensitet,ISI,
transition intensity,övergångsintensitet,ISI,
transition matrix,övergångsmatris,ISI,
transition probability,övergångssannolikhet,ISI,
translation parameter,translationsparameter,ISI,
treatment,behandling,ISI,
treatment effect heterogeneity,heterogenitet i behandlingseffekter,Lodefalk,
treatment mean square,medelkvadratsumma för behandling,ISI,
tree regression,trädstrukturerad regression,ISI,
tree structured statistical methods,trädstrukturerad statistisk modell,ISI,
trend fitting,trendanpassning,ISI,
trial ; experiment,försök; studie,ISI,
triangle test,triangeltest,ISI,
triangular design,triangulär försöksplan,ISI,
triangular distribution,triangelfördelning,ISI,
trimmed least squares estimator,trimmad minsta-kvadratestimator,ISI,
trimming,trimning,ISI,
trinomial distribution,trinominalfördelning,ISI,
triple comparisons,trippeljämförelser,ISI,
triple differences (DDD),trippeldifferenser,Lodefalk,
triple lattice,trippelgitter,ISI,
trough,vågdal,ISI,
true mean,sant medelvärde,ISI,
true regression,sann regression,ISI,
truncation,trunkering,ISI,
turning point,vändpunkt,ISI,
two-factor theory,tvåfaktorteori,ISI,
two-phase regression,tvåfasregression,ISI,
two-phase sampling,tvåfasurval,ISI,
two-sided test ; double-tailed test ; two-tailed test,dubbelsidigt test,ISI,
two-stage sample,tvåstegsurval,ISI,
two-way classification,tvåvägsindelning,ISI,
two-way fixed effects (TWFE),tvåvägs fixa effekter,Lodefalk,
type,typ,ISI,
typical period,typisk period,ISI,
typical year,typiskt år,ISI,
U-shaped distribution,U-formad fördelning,ISI,
U-statistic,U-statistika,ISI,
unbiased confidence intervals,väntevärdesriktigt konfidensintervall,ISI,
unbiased critical region,väntevärdesriktigt kritiskt område,ISI,
unbiased estimating equation,väntevärdesriktig estimationsekvation,ISI,
unbiased estimator,väntevärdesriktig estimator,ISI,
unbiased test,väntevärdesriktigt test,ISI,
underdispersion,underdispersion,ISI,
unequal subclasses,olikstora delklasser,ISI,
uniform sampling fraction,enhetlig urvalsfraktion,ISI,
uniform scores test,likformigt score-test,ISI,
uniform spectrum,likformigt spektrum,ISI,
uniformly better decision function,likformigt bättre beslutsfunktion,ISI,
uniformly minimum risk,likformigt minsta risk,ISI,
uniformly most accurate,likformigt mest noggrann,ISI,
uniformly most powerful test ; UMP test,likformigt starkaste test,ISI,
uniformly unbiased estimator,likformigt väntevärdesriktig estimator,ISI,
unimodal,entoppig; unimodal,ISI,
union-intersection principle,union-snitt-principen,ISI,
union-intersection tests,union-snitt-test,ISI,
unique factor,unik faktor,ISI,
uniqueness,unicitet,ISI,
unit normal random variable ; standard normal variable,standardnormalfördelad variabel,ISI,
unitemporal model,unitemporal modell,ISI,
univariate distribution,endimensionell fördelning; univariat fördelning,ISI,
universe ; statistical universe ; population,population,ISI,
unreliability,otillförlitlighet,ISI,
unrestricted random sample,obundet slumpmässigt urval,ISI,
unweighted mean,ovägt medelvärde,ISI,
upper control limit,övre styrgräns,ISI,
upper quartile,övre kvartil,ISI,
upward bias,systematisk överskattning,ISI,
urn model,urnmodell,ISI,
utility theory,nyttoteori,ISI,
validation,validering,ISI,
value at risk ; VaR,value at risk; VaR,ISI,
value index,värdeindex,ISI,
variable sampling fraction,variabel urvalsfraktion,ISI,
variable selection,val av variabler,ISI,
variables inspection,variabelkontroll-metod,ISI,
variance function,variansfunktion,ISI,
variance stabilising transformations,variansstabiliserande transformation,ISI,
variance-covariance matrix,varians-kovariansmatris,ISI,
variate transformation,variabeltransformation,ISI,
variation,variation,ISI,
varimax,varimax,ISI,
vector correlation coefficient,vektorkorrelationskoeffïcient,ISI,
Venn diagram,venndiagram,ISI,
vital statistics,vitalstatistik,ISI,
volatility,volatilitet,ISI,
waiting line ; queue,kö,ISI,
waiting time,väntetid,ISI,
wavelets,wavelet,ISI,
weak convergence,svag konvergens,ISI,
weak instrument,svagt instrument,Lodefalk,
weight ; weighting coefficient ; weighting factor,vikt,ISI,
weight bias,viktbias,ISI,
weight function,viktfunktion,ISI,
weighted average ; weighted mean,vägt medelvärde,ISI,
weighted index number,vägt indextal,ISI,
weighted least squares,vägd minsta-kvadratmetod,ISI,
weighted regression,vägd regression,ISI,
white noise,vitt brus,ISI,
wide sense stationary,svagt stationär,ISI,
window,fönster,ISI,
Winsorised estimation ; Winsorized estimation,winsoriserad estimation,ISI,
within-group variance,inomgruppsvarians; inomvarians,ISI,
z-distribution,z-fördelning,ISI,
z-test,z-test,ISI,
zero-sum game,nollsummespel,ISI,
zone of indifference ; region of indifference ; indifference zone ; indifference region,indifferenszon,ISI,
zone of preference ; region of preference,preferenszon,ISI,
